sku,month,price_eur,units,demand_baseline
S0001,2024-07,114.87,4.5,4.88
S0001,2024-08,114.87,4.5,4.54
S0001,2024-09,114.87,4.6,4.31
S0001,2024-10,98.89,8.0,6.13
S0001,2024-11,97.75,6.3,5.33
S0001,2024-12,105.81,2.7,2.44
S0001,2025-01,114.87,1.6,1.57
S0001,2025-02,114.87,2.7,2.85
S0001,2025-03,100.77,5.6,4.59
S0001,2025-04,105.83,4.7,4.08
S0001,2025-05,114.87,4.7,4.85
S0001,2025-06,114.87,5.0,4.57
S0001,2025-07,114.87,4.3,4.24
S0001,2025-08,114.87,3.9,3.81
S0001,2025-09,114.87,4.6,4.74
S0001,2025-10,89.46,9.2,5.72
S0001,2025-11,114.87,2.5,2.32
S0001,2025-12,114.87,4.0,3.9
S0001,2026-01,114.87,3.8,3.64
S0001,2026-02,114.87,2.6,2.39
S0001,2026-03,114.87,2.8,2.83
S0001,2026-04,87.81,9.2,5.7
S0001,2026-05,101.41,5.5,4.46
S0001,2026-06,100.98,5.1,4.45
S0002,2024-07,13.59,60.6,56.73
S0002,2024-08,13.59,69.8,69.29
S0002,2024-09,11.26,95.6,69.19
S0002,2024-10,13.59,102.3,94.94
S0002,2024-11,13.59,71.8,72.18
S0002,2024-12,13.59,63.6,67.5
S0002,2025-01,13.59,35.3,35.43
S0002,2025-02,11.78,66.4,58.25
S0002,2025-03,11.01,98.5,69.51
S0002,2025-04,13.59,64.2,63.5
S0002,2025-05,13.59,66.7,67.72
S0002,2025-06,13.59,68.0,64.46
S0002,2025-07,13.59,54.3,54.64
S0002,2025-08,13.59,57.3,56.53
S0002,2025-09,13.59,59.9,59.93
S0002,2025-10,13.59,62.7,59.11
S0002,2025-11,13.59,88.3,81.22
S0002,2025-12,11.62,75.7,63.6
S0002,2026-01,13.59,44.1,46.16
S0002,2026-02,13.59,44.4,43.53
S0002,2026-03,13.59,78.9,74.2
S0002,2026-04,10.58,111.0,72.02
S0002,2026-05,11.0,118.3,83.18
S0002,2026-06,13.59,53.1,55.32
S0003,2024-07,0.93,15.8,14.46
S0003,2024-08,0.93,24.5,24.41
S0003,2024-09,0.93,12.5,12.67
S0003,2024-10,0.93,28.5,30.21
S0003,2024-11,0.87,35.2,33.97
S0003,2024-12,0.93,28.3,29.35
S0003,2025-01,0.82,19.5,16.31
S0003,2025-02,0.93,17.2,16.94
S0003,2025-03,0.93,21.0,22.17
S0003,2025-04,0.93,16.7,16.23
S0003,2025-05,0.93,27.7,27.09
S0003,2025-06,0.93,24.0,23.02
S0003,2025-07,0.74,28.7,18.42
S0003,2025-08,0.93,8.2,8.91
S0003,2025-09,0.93,13.8,15.19
S0003,2025-10,0.93,12.7,12.95
S0003,2025-11,0.72,26.2,15.65
S0003,2025-12,0.93,22.0,24.37
S0003,2026-01,0.83,0.1,0.1
S0003,2026-02,0.93,19.4,19.59
S0003,2026-03,0.93,28.0,29.9
S0003,2026-04,0.93,25.3,27.1
S0003,2026-05,0.93,20.1,20.11
S0003,2026-06,0.93,22.2,21.0
S0004,2024-07,237.34,11.1,9.9
S0004,2024-08,263.71,13.9,13.46
S0004,2024-09,263.71,10.8,10.72
S0004,2024-10,210.02,22.6,16.31
S0004,2024-11,263.71,13.2,12.76
S0004,2024-12,263.71,8.8,8.6
S0004,2025-01,263.71,10.4,9.86
S0004,2025-02,263.71,13.2,13.51
S0004,2025-03,238.63,14.3,12.31
S0004,2025-04,248.61,20.1,17.11
S0004,2025-05,263.71,13.8,14.07
S0004,2025-06,263.71,9.7,9.99
S0004,2025-07,224.48,11.0,8.24
S0004,2025-08,263.71,9.4,9.0
S0004,2025-09,263.71,13.3,13.72
S0004,2025-10,263.71,13.4,14.48
S0004,2025-11,248.42,12.8,11.52
S0004,2025-12,263.71,9.3,9.05
S0004,2026-01,263.71,9.6,9.53
S0004,2026-02,263.71,9.6,10.56
S0004,2026-03,263.71,11.0,10.47
S0004,2026-04,263.71,12.2,13.09
S0004,2026-05,263.71,11.8,12.04
S0004,2026-06,201.86,14.7,10.2
S0005,2024-07,0.73,16.0,10.64
S0005,2024-08,0.94,16.4,17.96
S0005,2024-09,0.94,19.2,19.61
S0005,2024-10,0.94,6.4,6.94
S0005,2024-11,0.94,13.0,13.09
S0005,2024-12,0.94,13.2,11.8
S0005,2025-01,0.94,13.6,13.75
S0005,2025-02,0.94,10.4,10.17
S0005,2025-03,0.84,20.0,15.29
S0005,2025-04,0.94,9.3,9.55
S0005,2025-05,0.77,26.5,16.45
S0005,2025-06,0.94,8.9,9.04
S0005,2025-07,0.94,9.9,9.7
S0005,2025-08,0.94,8.2,8.5
S0005,2025-09,0.94,10.3,10.73
S0005,2025-10,0.82,14.2,11.19
S0005,2025-11,0.94,13.8,13.65
S0005,2025-12,0.87,13.2,11.31
S0005,2026-01,0.79,20.1,14.39
S0005,2026-02,0.94,10.4,10.73
S0005,2026-03,0.84,19.7,16.31
S0005,2026-04,0.8,17.8,13.77
S0005,2026-05,0.71,9.8,5.8
S0005,2026-06,0.94,11.9,12.09
S0006,2024-07,229.83,108.9,107.41
S0006,2024-08,208.36,126.7,111.94
S0006,2024-09,229.83,135.2,125.82
S0006,2024-10,229.83,153.6,157.98
S0006,2024-11,180.94,168.1,125.54
S0006,2024-12,229.83,114.4,117.64
S0006,2025-01,207.55,138.0,114.88
S0006,2025-02,173.09,189.2,141.03
S0006,2025-03,229.83,81.4,87.71
S0006,2025-04,229.83,125.8,131.59
S0006,2025-05,173.35,183.3,137.55
S0006,2025-06,198.62,107.5,78.34
S0006,2025-07,229.83,103.6,100.84
S0006,2025-08,229.83,75.6,70.46
S0006,2025-09,229.83,134.9,129.7
S0006,2025-10,229.83,148.0,148.45
S0006,2025-11,229.83,142.4,138.09
S0006,2025-12,194.02,140.3,117.97
S0006,2026-01,229.83,93.7,96.29
S0006,2026-02,229.83,116.6,114.05
S0006,2026-03,229.83,125.3,121.95
S0006,2026-04,229.83,109.1,118.59
S0006,2026-05,173.21,142.4,106.78
S0006,2026-06,229.83,92.1,95.16
S0007,2024-07,0.79,11.5,11.0
S0007,2024-08,0.79,13.4,13.92
S0007,2024-09,0.79,10.2,9.5
S0007,2024-10,0.79,7.3,6.86
S0007,2024-11,0.79,6.8,7.01
S0007,2024-12,0.79,11.1,10.7
S0007,2025-01,0.79,2.1,2.15
S0007,2025-02,0.79,10.2,10.81
S0007,2025-03,0.79,9.7,9.3
S0007,2025-04,0.79,5.3,5.7
S0007,2025-05,0.79,6.1,6.05
S0007,2025-06,0.79,10.6,9.83
S0007,2025-07,0.79,8.2,8.71
S0007,2025-08,0.79,7.7,7.88
S0007,2025-09,0.79,11.2,11.22
S0007,2025-10,0.79,13.5,13.6
S0007,2025-11,0.79,13.6,13.27
S0007,2025-12,0.79,4.9,5.19
S0007,2026-01,0.79,11.9,10.52
S0007,2026-02,0.79,4.5,4.71
S0007,2026-03,0.66,18.7,11.16
S0007,2026-04,0.79,8.2,8.55
S0007,2026-05,0.79,16.5,17.24
S0007,2026-06,0.79,11.9,11.7
S0008,2024-07,13.38,64.1,62.12
S0008,2024-08,13.38,83.4,84.1
S0008,2024-09,11.9,55.4,47.93
S0008,2024-10,12.4,81.4,66.6
S0008,2024-11,12.18,83.1,67.89
S0008,2024-12,12.61,42.3,38.4
S0008,2025-01,13.38,73.9,68.0
S0008,2025-02,10.51,120.4,78.25
S0008,2025-03,13.38,76.6,76.2
S0008,2025-04,13.38,70.6,67.21
S0008,2025-05,13.38,83.8,82.57
S0008,2025-06,13.38,79.0,73.7
S0008,2025-07,11.17,75.7,52.51
S0008,2025-08,13.38,46.2,47.87
S0008,2025-09,10.76,111.0,75.78
S0008,2025-10,13.38,86.7,84.24
S0008,2025-11,13.38,42.3,44.14
S0008,2025-12,13.38,60.3,63.98
S0008,2026-01,11.02,69.8,50.43
S0008,2026-02,11.98,71.4,63.63
S0008,2026-03,13.38,48.2,47.73
S0008,2026-04,10.97,132.0,94.08
S0008,2026-05,11.27,103.2,78.31
S0008,2026-06,13.38,88.1,88.26
S0009,2024-07,4.81,20.1,20.26
S0009,2024-08,4.81,24.3,24.91
S0009,2024-09,4.26,30.7,26.13
S0009,2024-10,4.81,25.8,27.61
S0009,2024-11,4.81,32.6,32.71
S0009,2024-12,4.81,44.7,41.05
S0009,2025-01,3.9,27.8,21.28
S0009,2025-02,4.81,30.8,30.01
S0009,2025-03,4.81,39.7,42.38
S0009,2025-04,4.81,40.9,41.17
S0009,2025-05,4.81,34.6,33.35
S0009,2025-06,3.98,25.9,21.58
S0009,2025-07,4.34,24.6,19.46
S0009,2025-08,4.81,30.2,29.03
S0009,2025-09,4.22,29.5,24.36
S0009,2025-10,4.81,38.6,39.31
S0009,2025-11,4.81,29.5,30.45
S0009,2025-12,4.01,17.5,12.8
S0009,2026-01,4.81,28.2,29.95
S0009,2026-02,4.81,19.2,17.67
S0009,2026-03,4.81,21.5,21.21
S0009,2026-04,4.81,33.2,33.54
S0009,2026-05,4.81,25.4,24.49
S0009,2026-06,4.81,20.9,20.85
S0010,2024-07,7.55,146.8,132.03
S0010,2024-08,7.55,144.6,136.59
S0010,2024-09,7.55,136.3,133.31
S0010,2024-10,7.55,198.3,184.45
S0010,2024-11,7.55,153.4,144.23
S0010,2024-12,5.83,165.9,110.78
S0010,2025-01,7.55,119.6,125.29
S0010,2025-02,7.55,123.7,120.82
S0010,2025-03,7.55,94.8,117.86
S0010,2025-04,7.55,172.3,180.31
S0010,2025-05,6.12,159.6,124.13
S0010,2025-06,7.01,92.8,84.02
S0010,2025-07,5.74,147.7,97.18
S0010,2025-08,7.55,92.6,99.74
S0010,2025-09,7.55,163.0,155.69
S0010,2025-10,6.89,134.0,112.59
S0010,2025-11,7.55,95.7,94.93
S0010,2025-12,7.55,84.0,79.14
S0010,2026-01,7.55,58.1,56.39
S0010,2026-02,7.55,64.0,63.64
S0010,2026-03,7.55,104.7,104.3
S0010,2026-04,7.55,110.1,117.65
S0010,2026-05,7.55,90.5,84.67
S0010,2026-06,6.63,116.5,96.65
S0011,2024-07,5.65,198.2,199.64
S0011,2024-08,5.65,206.1,217.47
S0011,2024-09,4.91,333.8,248.77
S0011,2024-10,5.65,267.7,275.51
S0011,2024-11,4.72,432.7,273.89
S0011,2024-12,5.65,229.3,237.6
S0011,2025-01,5.65,191.3,193.51
S0011,2025-02,5.65,212.4,216.93
S0011,2025-03,5.65,306.6,294.1
S0011,2025-04,5.65,326.8,358.32
S0011,2025-05,5.01,302.9,241.62
S0011,2025-06,5.65,288.8,303.93
S0011,2025-07,5.0,264.7,223.68
S0011,2025-08,5.65,142.8,150.28
S0011,2025-09,5.65,255.4,238.84
S0011,2025-10,5.65,288.8,286.99
S0011,2025-11,5.01,351.0,255.04
S0011,2025-12,5.65,200.4,207.25
S0011,2026-01,5.65,246.0,218.52
S0011,2026-02,5.65,241.8,249.71
S0011,2026-03,5.05,313.7,246.63
S0011,2026-04,5.65,272.7,274.98
S0011,2026-05,5.65,208.1,213.56
S0011,2026-06,5.65,144.6,139.15
S0012,2024-07,1.29,251.4,212.05
S0012,2024-08,1.42,188.7,204.21
S0012,2024-09,1.42,222.6,188.86
S0012,2024-10,1.34,296.3,277.43
S0012,2024-11,1.15,418.5,262.94
S0012,2024-12,1.42,115.6,122.29
S0012,2025-01,1.42,165.5,149.29
S0012,2025-02,1.42,198.4,203.4
S0012,2025-03,1.42,188.4,175.68
S0012,2025-04,1.42,239.2,231.66
S0012,2025-05,1.42,217.1,225.22
S0012,2025-06,1.07,333.0,185.26
S0012,2025-07,1.42,154.8,155.88
S0012,2025-08,1.42,252.5,242.72
S0012,2025-09,1.42,234.3,227.05
S0012,2025-10,1.42,211.9,225.49
S0012,2025-11,1.42,184.0,179.38
S0012,2025-12,1.42,196.5,205.72
S0012,2026-01,1.42,137.3,135.97
S0012,2026-02,1.09,276.1,160.34
S0012,2026-03,1.42,242.1,269.01
S0012,2026-04,1.42,151.1,147.42
S0012,2026-05,1.42,179.9,196.4
S0012,2026-06,1.42,169.3,163.88
S0013,2024-07,38.81,390.1,406.08
S0013,2024-08,38.81,629.1,670.54
S0013,2024-09,38.81,1204.3,1326.66
S0013,2024-10,38.81,127.0,114.78
S0013,2024-11,38.81,473.0,482.35
S0013,2024-12,38.81,871.2,889.94
S0013,2025-01,38.81,937.3,931.75
S0013,2025-02,29.7,363.8,244.7
S0013,2025-03,32.26,970.2,723.38
S0013,2025-04,38.81,877.7,871.03
S0013,2025-05,38.81,952.8,912.0
S0013,2025-06,38.81,1053.3,1008.51
S0013,2025-07,38.81,304.2,290.55
S0013,2025-08,38.81,446.2,463.65
S0013,2025-09,38.81,1008.4,1024.57
S0013,2025-10,38.81,682.9,738.01
S0013,2025-11,38.81,797.6,827.92
S0013,2025-12,38.81,1013.2,985.37
S0013,2026-01,30.25,470.7,360.16
S0013,2026-02,38.81,158.6,155.67
S0013,2026-03,38.81,1145.4,1123.57
S0013,2026-04,38.81,1281.3,1269.8
S0013,2026-05,38.81,693.1,691.64
S0013,2026-06,38.81,533.8,457.42
S0014,2024-07,6.05,19.8,18.34
S0014,2024-08,6.05,33.6,32.13
S0014,2024-09,6.05,32.0,32.12
S0014,2024-10,6.05,21.7,22.37
S0014,2024-11,5.29,24.8,20.67
S0014,2024-12,6.05,12.7,13.9
S0014,2025-01,6.05,24.4,24.7
S0014,2025-02,6.05,23.8,25.0
S0014,2025-03,4.55,18.6,11.68
S0014,2025-04,6.05,28.2,28.73
S0014,2025-05,4.82,25.4,17.32
S0014,2025-06,6.05,23.1,22.74
S0014,2025-07,5.37,22.3,19.22
S0014,2025-08,4.88,35.5,22.58
S0014,2025-09,6.05,18.9,17.68
S0014,2025-10,5.67,27.8,26.92
S0014,2025-11,6.05,31.1,30.48
S0014,2025-12,6.05,23.1,22.76
S0014,2026-01,6.05,11.7,11.17
S0014,2026-02,6.05,8.1,7.97
S0014,2026-03,4.8,48.9,36.38
S0014,2026-04,6.05,39.0,35.2
S0014,2026-05,5.03,40.1,29.49
S0014,2026-06,6.05,24.5,26.7
S0015,2024-07,1.08,17.8,15.99
S0015,2024-08,1.2,30.2,30.84
S0015,2024-09,1.2,17.1,17.55
S0015,2024-10,1.2,33.8,33.79
S0015,2024-11,1.02,23.4,17.5
S0015,2024-12,1.2,26.9,25.92
S0015,2025-01,1.03,20.4,15.1
S0015,2025-02,1.12,23.6,20.83
S0015,2025-03,1.2,26.3,26.47
S0015,2025-04,0.91,37.2,27.01
S0015,2025-05,1.08,25.5,21.53
S0015,2025-06,1.2,12.8,12.54
S0015,2025-07,1.2,15.6,16.25
S0015,2025-08,1.2,21.0,22.31
S0015,2025-09,1.2,28.2,27.51
S0015,2025-10,1.2,30.5,29.77
S0015,2025-11,1.2,18.7,19.38
S0015,2025-12,1.2,23.1,23.66
S0015,2026-01,1.2,29.1,28.86
S0015,2026-02,1.2,17.7,18.17
S0015,2026-03,1.2,34.8,33.49
S0015,2026-04,1.2,16.2,16.64
S0015,2026-05,1.2,24.7,25.88
S0015,2026-06,1.0,21.9,16.95
S0016,2024-07,4.89,27.9,30.0
S0016,2024-08,4.89,33.8,34.07
S0016,2024-09,4.13,56.9,47.23
S0016,2024-10,4.89,46.1,46.12
S0016,2024-11,3.92,21.3,15.06
S0016,2024-12,4.89,23.1,22.84
S0016,2025-01,4.37,0.1,0.1
S0016,2025-02,3.95,45.0,33.76
S0016,2025-03,4.89,21.0,21.25
S0016,2025-04,4.16,37.6,30.65
S0016,2025-05,3.95,62.4,49.78
S0016,2025-06,4.89,36.2,34.01
S0016,2025-07,4.34,52.7,40.76
S0016,2025-08,4.89,34.7,35.59
S0016,2025-09,4.89,21.2,22.42
S0016,2025-10,4.89,33.9,34.67
S0016,2025-11,4.32,65.5,54.68
S0016,2025-12,4.28,55.0,42.11
S0016,2026-01,4.89,4.5,4.35
S0016,2026-02,4.35,19.5,15.24
S0016,2026-03,4.89,30.2,29.36
S0016,2026-04,4.89,26.9,26.74
S0016,2026-05,3.71,59.3,39.75
S0016,2026-06,4.2,27.8,22.0
S0017,2024-07,0.98,20.6,21.27
S0017,2024-08,0.98,17.0,16.81
S0017,2024-09,0.98,16.6,16.83
S0017,2024-10,0.98,11.0,10.19
S0017,2024-11,0.98,18.5,18.32
S0017,2024-12,0.98,6.4,6.16
S0017,2025-01,0.98,11.9,12.22
S0017,2025-02,0.84,18.8,15.15
S0017,2025-03,0.98,0.7,0.75
S0017,2025-04,0.98,16.8,16.44
S0017,2025-05,0.98,8.7,9.0
S0017,2025-06,0.8,21.3,16.05
S0017,2025-07,0.98,8.7,8.85
S0017,2025-08,0.78,21.5,15.0
S0017,2025-09,0.98,9.8,10.55
S0017,2025-10,0.98,20.2,19.56
S0017,2025-11,0.98,12.6,12.33
S0017,2025-12,0.98,3.0,3.01
S0017,2026-01,0.8,12.9,10.54
S0017,2026-02,0.98,12.4,12.27
S0017,2026-03,0.89,8.6,8.28
S0017,2026-04,0.98,12.5,12.48
S0017,2026-05,0.98,17.0,18.04
S0017,2026-06,0.82,5.7,4.36
S0018,2024-07,9.62,9.8,9.45
S0018,2024-08,9.62,17.3,16.94
S0018,2024-09,8.72,15.7,13.37
S0018,2024-10,9.62,14.2,14.32
S0018,2024-11,9.62,12.4,12.03
S0018,2024-12,9.62,11.0,11.21
S0018,2025-01,9.62,10.8,10.66
S0018,2025-02,9.62,12.0,11.82
S0018,2025-03,9.62,16.7,17.7
S0018,2025-04,8.92,4.0,3.46
S0018,2025-05,9.62,13.9,15.24
S0018,2025-06,9.62,2.9,2.92
S0018,2025-07,9.62,12.1,12.19
S0018,2025-08,9.62,5.7,6.21
S0018,2025-09,9.62,12.3,12.09
S0018,2025-10,9.62,5.3,5.35
S0018,2025-11,9.62,11.4,13.08
S0018,2025-12,8.49,0.1,0.1
S0018,2026-01,9.62,8.9,9.7
S0018,2026-02,9.62,3.9,3.82
S0018,2026-03,8.01,17.3,12.95
S0018,2026-04,9.62,18.1,16.95
S0018,2026-05,7.77,5.3,3.73
S0018,2026-06,7.25,8.4,5.34
S0019,2024-07,2.74,11.9,12.8
S0019,2024-08,2.74,17.0,17.19
S0019,2024-09,2.74,15.9,16.07
S0019,2024-10,2.74,22.1,21.86
S0019,2024-11,2.74,24.2,24.42
S0019,2024-12,2.74,14.6,14.92
S0019,2025-01,2.74,18.3,16.54
S0019,2025-02,2.31,15.2,10.78
S0019,2025-03,2.74,21.1,19.93
S0019,2025-04,2.17,32.3,22.39
S0019,2025-05,2.74,19.3,19.67
S0019,2025-06,2.74,18.3,17.17
S0019,2025-07,2.74,18.1,17.29
S0019,2025-08,2.3,19.6,15.32
S0019,2025-09,2.33,26.3,17.71
S0019,2025-10,2.74,16.8,17.77
S0019,2025-11,2.39,23.3,17.6
S0019,2025-12,2.74,19.1,18.41
S0019,2026-01,2.74,18.0,17.03
S0019,2026-02,2.74,16.0,16.0
S0019,2026-03,2.74,19.4,20.73
S0019,2026-04,2.74,19.6,19.18
S0019,2026-05,2.74,19.5,19.65
S0019,2026-06,2.74,13.5,13.89
S0020,2024-07,171.46,32.9,22.57
S0020,2024-08,209.28,29.8,26.68
S0020,2024-09,209.28,24.4,25.64
S0020,2024-10,209.28,35.1,33.66
S0020,2024-11,209.28,31.7,30.94
S0020,2024-12,198.66,26.2,25.13
S0020,2025-01,209.28,21.8,22.11
S0020,2025-02,209.28,23.2,23.71
S0020,2025-03,209.28,27.3,28.49
S0020,2025-04,209.28,28.7,29.82
S0020,2025-05,171.41,45.0,31.65
S0020,2025-06,209.28,23.7,23.39
S0020,2025-07,209.28,21.6,21.13
S0020,2025-08,185.3,29.4,23.19
S0020,2025-09,175.36,30.8,21.34
S0020,2025-10,209.28,28.0,27.73
S0020,2025-11,171.15,40.9,30.12
S0020,2025-12,209.28,20.1,19.92
S0020,2026-01,196.97,16.7,15.31
S0020,2026-02,209.28,21.5,19.48
S0020,2026-03,209.28,20.2,19.69
S0020,2026-04,209.28,25.5,24.2
S0020,2026-05,209.28,17.5,17.4
S0020,2026-06,184.03,24.1,17.78
S0021,2024-07,1.65,3.9,3.83
S0021,2024-08,1.65,4.7,4.31
S0021,2024-09,1.42,5.7,4.43
S0021,2024-10,1.53,11.6,10.71
S0021,2024-11,1.65,9.1,8.99
S0021,2024-12,1.65,14.0,13.3
S0021,2025-01,1.27,0.2,0.1
S0021,2025-02,1.65,3.6,3.56
S0021,2025-03,1.65,5.1,5.05
S0021,2025-04,1.65,6.7,7.07
S0021,2025-05,1.65,5.9,5.62
S0021,2025-06,1.65,1.3,1.25
S0021,2025-07,1.65,5.4,5.14
S0021,2025-08,1.65,0.1,0.1
S0021,2025-09,1.65,9.9,10.7
S0021,2025-10,1.65,7.0,6.74
S0021,2025-11,1.65,7.1,7.42
S0021,2025-12,1.5,0.1,0.1
S0021,2026-01,1.65,0.2,0.23
S0021,2026-02,1.65,7.1,6.99
S0021,2026-03,1.65,6.6,6.78
S0021,2026-04,1.65,2.8,2.96
S0021,2026-05,1.65,4.6,4.49
S0021,2026-06,1.65,4.9,5.35
S0022,2024-07,38.87,84.5,83.65
S0022,2024-08,29.43,116.8,72.99
S0022,2024-09,38.87,68.3,72.09
S0022,2024-10,38.87,88.8,81.46
S0022,2024-11,38.87,32.1,30.84
S0022,2024-12,38.87,48.0,51.43
S0022,2025-01,38.87,49.8,49.27
S0022,2025-02,38.87,47.4,52.91
S0022,2025-03,38.87,47.2,44.56
S0022,2025-04,38.87,45.4,43.5
S0022,2025-05,34.58,78.6,67.6
S0022,2025-06,38.87,60.3,59.95
S0022,2025-07,35.23,80.9,71.73
S0022,2025-08,38.87,65.9,66.59
S0022,2025-09,38.87,43.7,49.15
S0022,2025-10,30.74,88.0,63.83
S0022,2025-11,38.87,41.1,39.14
S0022,2025-12,38.87,55.8,56.83
S0022,2026-01,38.87,22.7,22.54
S0022,2026-02,29.58,3.9,2.35
S0022,2026-03,38.87,76.2,71.78
S0022,2026-04,38.87,62.3,62.46
S0022,2026-05,38.87,59.8,58.34
S0022,2026-06,38.87,26.4,25.7
S0023,2024-07,14.84,7.0,7.58
S0023,2024-08,13.89,20.3,17.44
S0023,2024-09,14.84,10.6,10.02
S0023,2024-10,14.84,7.0,7.0
S0023,2024-11,11.4,18.5,11.64
S0023,2024-12,14.03,16.3,15.31
S0023,2025-01,13.16,10.9,9.41
S0023,2025-02,14.84,5.1,4.82
S0023,2025-03,11.43,13.4,9.13
S0023,2025-04,12.37,16.7,11.94
S0023,2025-05,14.84,3.4,3.15
S0023,2025-06,14.84,9.9,10.34
S0023,2025-07,14.84,10.7,10.17
S0023,2025-08,14.84,0.2,0.19
S0023,2025-09,12.91,12.4,9.96
S0023,2025-10,12.25,11.7,8.88
S0023,2025-11,14.84,11.2,12.39
S0023,2025-12,14.84,7.7,7.13
S0023,2026-01,13.32,11.3,10.75
S0023,2026-02,14.84,7.0,7.11
S0023,2026-03,14.84,6.2,6.36
S0023,2026-04,14.84,6.1,7.03
S0023,2026-05,14.84,10.9,11.37
S0023,2026-06,14.84,7.9,7.93
S0024,2024-07,11.53,26.2,27.42
S0024,2024-08,11.53,67.9,67.23
S0024,2024-09,10.73,63.6,58.03
S0024,2024-10,10.04,80.3,68.47
S0024,2024-11,11.53,44.6,42.26
S0024,2024-12,10.56,82.1,69.88
S0024,2025-01,9.51,114.6,80.65
S0024,2025-02,11.53,35.0,33.3
S0024,2025-03,11.53,55.7,59.52
S0024,2025-04,11.53,38.4,39.93
S0024,2025-05,10.65,35.9,34.14
S0024,2025-06,11.53,72.8,70.85
S0024,2025-07,11.53,26.5,29.38
S0024,2025-08,11.53,35.8,37.73
S0024,2025-09,8.79,26.0,18.12
S0024,2025-10,11.53,41.6,42.28
S0024,2025-11,8.76,37.2,22.41
S0024,2025-12,11.53,53.8,53.03
S0024,2026-01,11.53,59.2,58.03
S0024,2026-02,11.53,29.9,29.79
S0024,2026-03,8.9,10.0,6.36
S0024,2026-04,11.53,30.0,30.08
S0024,2026-05,11.53,38.3,39.48
S0024,2026-06,11.53,6.0,6.23
S0025,2024-07,0.68,50.6,48.27
S0025,2024-08,0.64,47.6,42.56
S0025,2024-09,0.54,62.6,40.36
S0025,2024-10,0.68,52.2,53.57
S0025,2024-11,0.68,41.7,43.13
S0025,2024-12,0.68,49.5,48.08
S0025,2025-01,0.68,35.0,34.01
S0025,2025-02,0.68,36.9,35.94
S0025,2025-03,0.53,71.7,50.86
S0025,2025-04,0.68,50.7,47.9
S0025,2025-05,0.68,49.4,46.43
S0025,2025-06,0.68,49.3,50.74
S0025,2025-07,0.52,49.3,31.63
S0025,2025-08,0.55,53.8,36.6
S0025,2025-09,0.68,48.6,50.04
S0025,2025-10,0.68,44.8,46.71
S0025,2025-11,0.68,39.6,42.02
S0025,2025-12,0.68,42.8,46.88
S0025,2026-01,0.56,50.6,35.82
S0025,2026-02,0.59,48.3,38.1
S0025,2026-03,0.68,48.2,49.13
S0025,2026-04,0.68,52.4,54.87
S0025,2026-05,0.54,70.9,44.92
S0025,2026-06,0.68,29.4,29.01
S0026,2024-07,7.9,13.7,13.54
S0026,2024-08,7.9,12.6,11.86
S0026,2024-09,7.33,17.6,14.52
S0026,2024-10,7.9,15.5,15.54
S0026,2024-11,7.9,15.0,15.0
S0026,2024-12,7.9,12.5,13.05
S0026,2025-01,6.64,17.2,12.0
S0026,2025-02,7.9,13.3,14.28
S0026,2025-03,7.9,15.1,15.11
S0026,2025-04,7.9,16.2,16.08
S0026,2025-05,7.9,14.4,15.01
S0026,2025-06,7.9,15.6,15.42
S0026,2025-07,7.9,13.9,13.37
S0026,2025-08,6.9,15.7,11.8
S0026,2025-09,7.9,17.6,16.84
S0026,2025-10,7.9,17.6,16.98
S0026,2025-11,6.57,22.7,17.65
S0026,2025-12,7.25,17.4,15.65
S0026,2026-01,7.9,14.2,15.1
S0026,2026-02,7.9,12.2,12.75
S0026,2026-03,6.56,24.1,16.99
S0026,2026-04,7.9,17.2,18.66
S0026,2026-05,7.9,16.1,16.34
S0026,2026-06,7.9,13.3,13.65
S0027,2024-07,0.57,4.9,4.99
S0027,2024-08,0.57,4.7,4.87
S0027,2024-09,0.51,10.5,9.06
S0027,2024-10,0.57,6.7,7.33
S0027,2024-11,0.57,9.0,8.35
S0027,2024-12,0.57,8.3,7.69
S0027,2025-01,0.57,7.4,7.44
S0027,2025-02,0.44,10.6,7.3
S0027,2025-03,0.57,9.3,9.33
S0027,2025-04,0.57,5.5,6.03
S0027,2025-05,0.53,7.8,6.92
S0027,2025-06,0.49,6.8,5.31
S0027,2025-07,0.57,2.6,2.74
S0027,2025-08,0.57,5.2,5.31
S0027,2025-09,0.57,4.9,5.04
S0027,2025-10,0.53,8.2,7.01
S0027,2025-11,0.57,4.9,4.83
S0027,2025-12,0.57,3.9,4.04
S0027,2026-01,0.57,7.1,7.44
S0027,2026-02,0.57,5.8,5.68
S0027,2026-03,0.57,5.8,5.81
S0027,2026-04,0.57,2.2,2.17
S0027,2026-05,0.57,6.2,6.54
S0027,2026-06,0.57,8.2,7.85
S0028,2024-07,1.94,30.4,29.58
S0028,2024-08,1.94,18.7,19.69
S0028,2024-09,1.94,18.2,20.27
S0028,2024-10,1.94,38.3,34.83
S0028,2024-11,1.94,40.4,40.67
S0028,2024-12,1.94,18.4,19.97
S0028,2025-01,1.73,32.9,26.12
S0028,2025-02,1.94,18.9,18.19
S0028,2025-03,1.79,30.7,25.77
S0028,2025-04,1.6,34.5,26.63
S0028,2025-05,1.94,40.0,39.94
S0028,2025-06,1.94,37.5,34.54
S0028,2025-07,1.94,22.1,20.99
S0028,2025-08,1.94,11.7,11.63
S0028,2025-09,1.94,39.3,38.24
S0028,2025-10,1.94,28.2,29.52
S0028,2025-11,1.94,5.4,5.05
S0028,2025-12,1.55,38.4,23.89
S0028,2026-01,1.94,19.7,20.45
S0028,2026-02,1.94,33.1,32.3
S0028,2026-03,1.94,33.5,32.78
S0028,2026-04,1.54,65.3,43.11
S0028,2026-05,1.7,49.3,42.66
S0028,2026-06,1.94,33.6,35.64
S0029,2024-07,13.45,79.0,76.16
S0029,2024-08,13.45,113.5,112.36
S0029,2024-09,13.45,109.2,109.27
S0029,2024-10,10.99,205.6,141.82
S0029,2024-11,10.62,85.4,57.26
S0029,2024-12,13.45,90.3,92.55
S0029,2025-01,13.45,100.5,101.17
S0029,2025-02,13.45,49.8,51.41
S0029,2025-03,11.04,175.0,123.66
S0029,2025-04,10.65,255.9,179.47
S0029,2025-05,13.45,172.3,170.57
S0029,2025-06,13.45,81.4,81.7
S0029,2025-07,13.45,146.4,143.46
S0029,2025-08,13.45,102.4,105.17
S0029,2025-09,13.45,97.4,90.41
S0029,2025-10,10.37,229.4,158.33
S0029,2025-11,13.45,136.2,127.62
S0029,2025-12,11.56,121.0,103.31
S0029,2026-01,13.45,91.4,93.41
S0029,2026-02,13.45,136.3,129.88
S0029,2026-03,12.53,125.0,121.91
S0029,2026-04,13.45,115.0,116.09
S0029,2026-05,12.52,131.9,116.61
S0029,2026-06,13.45,129.4,132.9
S0030,2024-07,1.46,11.5,12.41
S0030,2024-08,1.46,33.6,31.14
S0030,2024-09,1.46,26.2,27.31
S0030,2024-10,1.46,35.0,33.56
S0030,2024-11,1.46,17.3,17.0
S0030,2024-12,1.46,22.7,24.09
S0030,2025-01,1.46,14.6,14.58
S0030,2025-02,1.46,9.9,9.76
S0030,2025-03,1.24,24.8,17.98
S0030,2025-04,1.46,16.3,16.67
S0030,2025-05,1.46,13.7,14.32
S0030,2025-06,1.46,22.6,21.53
S0030,2025-07,1.46,24.2,24.29
S0030,2025-08,1.46,17.4,20.05
S0030,2025-09,1.46,16.6,15.97
S0030,2025-10,1.25,45.2,33.3
S0030,2025-11,1.46,33.8,33.58
S0030,2025-12,1.46,1.9,2.02
S0030,2026-01,1.46,16.3,17.27
S0030,2026-02,1.46,7.9,7.68
S0030,2026-03,1.28,21.1,17.2
S0030,2026-04,1.46,23.8,24.34
S0030,2026-05,1.46,9.6,9.68
S0030,2026-06,1.27,26.0,21.06
S0031,2024-07,226.41,30.4,32.3
S0031,2024-08,226.41,40.2,40.08
S0031,2024-09,226.41,27.3,29.01
S0031,2024-10,226.41,28.5,30.25
S0031,2024-11,209.22,41.6,37.14
S0031,2024-12,174.29,52.5,33.22
S0031,2025-01,226.41,27.6,27.57
S0031,2025-02,226.41,16.7,16.6
S0031,2025-03,185.99,64.1,44.9
S0031,2025-04,226.41,21.0,21.95
S0031,2025-05,204.05,31.5,25.48
S0031,2025-06,226.41,33.0,34.16
S0031,2025-07,226.41,22.7,21.62
S0031,2025-08,226.41,15.4,15.25
S0031,2025-09,226.41,35.4,40.28
S0031,2025-10,226.41,16.6,18.55
S0031,2025-11,226.41,31.8,30.22
S0031,2025-12,226.41,26.3,24.45
S0031,2026-01,226.41,21.4,20.84
S0031,2026-02,179.7,28.2,19.42
S0031,2026-03,184.73,43.0,26.94
S0031,2026-04,213.45,57.6,52.72
S0031,2026-05,226.41,33.0,35.99
S0031,2026-06,226.41,9.3,9.51
S0032,2024-07,11.55,5.4,4.33
S0032,2024-08,12.9,5.1,5.12
S0032,2024-09,12.9,5.4,5.53
S0032,2024-10,10.67,8.3,6.35
S0032,2024-11,10.71,9.8,8.14
S0032,2024-12,12.9,5.8,5.69
S0032,2025-01,10.29,4.3,3.26
S0032,2025-02,12.9,3.8,4.64
S0032,2025-03,12.19,6.1,5.82
S0032,2025-04,11.34,9.6,6.97
S0032,2025-05,12.9,5.9,5.83
S0032,2025-06,12.9,5.1,5.43
S0032,2025-07,12.9,4.5,4.75
S0032,2025-08,12.18,5.9,5.28
S0032,2025-09,10.79,7.5,5.62
S0032,2025-10,12.9,6.8,6.42
S0032,2025-11,12.9,8.1,8.39
S0032,2025-12,10.58,7.9,5.72
S0032,2026-01,12.9,4.9,4.68
S0032,2026-02,11.2,7.0,5.47
S0032,2026-03,12.9,8.3,8.26
S0032,2026-04,12.9,4.5,5.04
S0032,2026-05,12.9,6.9,7.2
S0032,2026-06,12.9,5.9,6.21
S0033,2024-07,28.96,9.3,6.36
S0033,2024-08,28.99,6.8,4.95
S0033,2024-09,34.75,6.0,6.36
S0033,2024-10,32.49,11.6,11.08
S0033,2024-11,34.75,13.4,11.15
S0033,2024-12,34.75,6.5,6.16
S0033,2025-01,31.27,10.7,9.37
S0033,2025-02,34.75,11.1,10.83
S0033,2025-03,34.75,12.4,11.33
S0033,2025-04,34.75,8.1,8.98
S0033,2025-05,34.75,7.2,6.99
S0033,2025-06,30.63,10.8,8.18
S0033,2025-07,34.75,6.8,6.86
S0033,2025-08,34.75,8.7,9.44
S0033,2025-09,34.75,9.2,8.09
S0033,2025-10,31.03,9.8,7.98
S0033,2025-11,32.48,12.4,11.84
S0033,2025-12,34.75,7.9,7.85
S0033,2026-01,34.75,8.4,7.92
S0033,2026-02,34.75,5.6,5.45
S0033,2026-03,27.94,5.5,3.67
S0033,2026-04,34.75,8.9,9.14
S0033,2026-05,29.36,9.6,7.47
S0033,2026-06,34.75,4.4,4.73
S0034,2024-07,4.22,35.8,37.76
S0034,2024-08,3.43,9.4,6.96
S0034,2024-09,4.22,19.5,19.46
S0034,2024-10,3.35,96.1,64.97
S0034,2024-11,3.96,75.8,66.04
S0034,2024-12,4.22,59.4,61.73
S0034,2025-01,3.77,35.2,27.79
S0034,2025-02,4.22,47.9,47.2
S0034,2025-03,4.22,67.6,67.45
S0034,2025-04,4.22,13.4,12.88
S0034,2025-05,4.22,40.2,37.44
S0034,2025-06,4.22,80.2,73.03
S0034,2025-07,3.47,61.8,43.65
S0034,2025-08,3.6,54.6,40.17
S0034,2025-09,4.0,58.7,55.49
S0034,2025-10,4.22,65.8,65.04
S0034,2025-11,4.22,57.1,55.99
S0034,2025-12,3.82,97.4,83.76
S0034,2026-01,4.22,79.1,75.89
S0034,2026-02,4.22,49.1,43.11
S0034,2026-03,4.22,54.7,52.41
S0034,2026-04,4.22,103.6,99.71
S0034,2026-05,4.22,62.6,66.46
S0034,2026-06,3.42,98.0,69.09
S0035,2024-07,11.34,219.3,230.0
S0035,2024-08,11.34,282.5,285.49
S0035,2024-09,11.34,208.7,198.1
S0035,2024-10,10.51,341.2,325.52
S0035,2024-11,11.34,279.5,306.1
S0035,2024-12,11.34,305.3,293.5
S0035,2025-01,11.34,390.4,389.0
S0035,2025-02,11.34,202.1,197.41
S0035,2025-03,10.15,317.2,265.81
S0035,2025-04,8.99,309.5,248.06
S0035,2025-05,11.34,372.3,358.53
S0035,2025-06,11.34,203.3,212.25
S0035,2025-07,11.34,255.2,247.11
S0035,2025-08,11.34,200.6,200.66
S0035,2025-09,10.68,349.0,317.81
S0035,2025-10,9.69,429.3,335.73
S0035,2025-11,9.98,310.7,260.57
S0035,2025-12,11.34,154.0,146.95
S0035,2026-01,11.34,264.2,274.87
S0035,2026-02,11.34,234.8,227.82
S0035,2026-03,10.39,170.5,153.2
S0035,2026-04,11.34,316.7,324.78
S0035,2026-05,11.34,171.8,161.85
S0035,2026-06,11.34,206.4,215.69
S0036,2024-07,10.07,31.0,31.33
S0036,2024-08,8.51,28.2,22.46
S0036,2024-09,10.07,16.8,16.63
S0036,2024-10,10.07,25.6,23.42
S0036,2024-11,10.07,30.6,30.68
S0036,2024-12,10.07,29.5,27.53
S0036,2025-01,8.71,26.2,21.8
S0036,2025-02,9.36,36.0,29.36
S0036,2025-03,10.07,21.3,25.45
S0036,2025-04,8.65,9.3,7.77
S0036,2025-05,8.79,28.8,25.6
S0036,2025-06,10.07,31.2,28.72
S0036,2025-07,10.07,24.7,23.86
S0036,2025-08,7.77,38.7,27.21
S0036,2025-09,10.07,20.5,22.83
S0036,2025-10,8.5,31.5,22.96
S0036,2025-11,8.52,40.7,31.64
S0036,2025-12,10.07,21.7,24.46
S0036,2026-01,9.42,10.9,10.94
S0036,2026-02,10.07,27.3,25.45
S0036,2026-03,10.07,23.6,23.56
S0036,2026-04,9.28,29.9,26.94
S0036,2026-05,8.07,40.9,30.77
S0036,2026-06,8.69,50.2,40.45
S0037,2024-07,13.32,85.8,63.49
S0037,2024-08,16.37,87.5,91.06
S0037,2024-09,13.58,124.1,99.99
S0037,2024-10,16.37,46.1,45.21
S0037,2024-11,14.2,106.0,89.67
S0037,2024-12,16.37,61.7,64.54
S0037,2025-01,16.37,102.9,100.86
S0037,2025-02,13.71,145.4,113.73
S0037,2025-03,16.37,102.4,101.78
S0037,2025-04,16.37,97.9,97.2
S0037,2025-05,16.37,119.1,120.61
S0037,2025-06,16.37,89.0,86.12
S0037,2025-07,16.37,79.7,75.91
S0037,2025-08,16.37,65.7,69.08
S0037,2025-09,13.49,156.2,117.83
S0037,2025-10,16.37,106.1,104.69
S0037,2025-11,16.37,64.3,68.51
S0037,2025-12,14.23,58.4,48.59
S0037,2026-01,16.37,98.5,89.57
S0037,2026-02,13.86,96.0,74.45
S0037,2026-03,16.37,79.0,73.67
S0037,2026-04,16.37,99.5,100.34
S0037,2026-05,12.56,137.1,106.36
S0037,2026-06,16.37,34.8,35.82
S0038,2024-07,4.12,63.0,44.02
S0038,2024-08,5.41,100.0,94.21
S0038,2024-09,5.41,139.7,133.27
S0038,2024-10,4.19,113.8,80.83
S0038,2024-11,4.16,169.1,122.03
S0038,2024-12,5.41,67.0,62.41
S0038,2025-01,5.41,31.5,31.71
S0038,2025-02,4.97,43.7,40.31
S0038,2025-03,4.72,81.2,69.55
S0038,2025-04,5.03,150.6,143.27
S0038,2025-05,5.41,65.4,74.31
S0038,2025-06,5.41,0.1,0.1
S0038,2025-07,5.41,45.8,46.33
S0038,2025-08,5.41,91.1,85.45
S0038,2025-09,5.41,70.3,70.0
S0038,2025-10,5.41,49.7,47.89
S0038,2025-11,4.49,94.0,70.85
S0038,2025-12,4.33,155.5,112.86
S0038,2026-01,4.19,33.4,21.69
S0038,2026-02,5.41,28.2,27.96
S0038,2026-03,4.98,18.0,16.27
S0038,2026-04,5.41,123.3,112.01
S0038,2026-05,5.41,128.7,130.49
S0038,2026-06,5.41,74.2,70.17
S0039,2024-07,5.45,14.8,13.99
S0039,2024-08,5.45,7.2,7.85
S0039,2024-09,4.98,19.2,17.53
S0039,2024-10,5.45,13.7,14.17
S0039,2024-11,5.45,13.8,12.7
S0039,2024-12,4.56,19.3,13.89
S0039,2025-01,5.45,5.6,5.31
S0039,2025-02,5.45,11.4,11.89
S0039,2025-03,5.45,13.7,14.66
S0039,2025-04,5.45,19.3,19.58
S0039,2025-05,4.27,13.8,9.4
S0039,2025-06,5.45,9.3,9.78
S0039,2025-07,5.45,6.1,5.85
S0039,2025-08,5.45,10.1,10.19
S0039,2025-09,5.45,10.5,10.27
S0039,2025-10,4.43,21.1,17.71
S0039,2025-11,5.45,13.3,13.56
S0039,2025-12,5.45,9.4,9.29
S0039,2026-01,4.47,12.5,8.59
S0039,2026-02,5.45,7.9,8.26
S0039,2026-03,5.45,9.9,10.65
S0039,2026-04,5.45,16.4,16.61
S0039,2026-05,4.6,12.6,10.31
S0039,2026-06,5.45,10.5,10.19
S0040,2024-07,15.84,26.4,18.9
S0040,2024-08,17.58,38.1,32.14
S0040,2024-09,19.26,39.1,40.97
S0040,2024-10,19.26,7.7,7.44
S0040,2024-11,15.55,24.0,15.78
S0040,2024-12,19.26,28.3,29.02
S0040,2025-01,14.72,32.3,18.24
S0040,2025-02,19.26,21.7,20.47
S0040,2025-03,19.26,12.3,12.75
S0040,2025-04,19.26,26.4,26.85
S0040,2025-05,19.26,14.6,15.95
S0040,2025-06,15.19,26.7,19.72
S0040,2025-07,19.26,24.6,23.0
S0040,2025-08,14.48,19.6,11.84
S0040,2025-09,15.52,35.7,24.06
S0040,2025-10,19.26,28.7,28.73
S0040,2025-11,15.36,31.8,21.4
S0040,2025-12,18.16,17.3,16.41
S0040,2026-01,19.26,0.4,0.4
S0040,2026-02,19.26,17.2,17.62
S0040,2026-03,19.26,13.9,13.62
S0040,2026-04,19.26,43.5,43.05
S0040,2026-05,19.26,16.2,16.35
S0040,2026-06,19.26,29.3,29.26
S0041,2024-07,1.57,50.0,35.19
S0041,2024-08,1.9,32.0,31.41
S0041,2024-09,1.69,60.6,51.24
S0041,2024-10,1.9,50.9,48.57
S0041,2024-11,1.9,45.6,44.12
S0041,2024-12,1.9,35.7,37.56
S0041,2025-01,1.9,35.9,34.41
S0041,2025-02,1.9,25.9,24.47
S0041,2025-03,1.74,68.5,59.51
S0041,2025-04,1.9,41.8,44.52
S0041,2025-05,1.9,38.9,38.15
S0041,2025-06,1.9,38.0,38.61
S0041,2025-07,1.9,47.0,46.98
S0041,2025-08,1.9,31.7,30.79
S0041,2025-09,1.44,84.3,54.55
S0041,2025-10,1.9,41.1,42.13
S0041,2025-11,1.9,39.6,38.47
S0041,2025-12,1.9,52.2,52.89
S0041,2026-01,1.9,30.0,29.51
S0041,2026-02,1.77,42.2,40.01
S0041,2026-03,1.9,53.9,56.13
S0041,2026-04,1.61,50.3,36.07
S0041,2026-05,1.9,40.3,40.29
S0041,2026-06,1.64,33.4,26.09
S0042,2024-07,35.0,19.2,14.39
S0042,2024-08,45.5,14.2,14.92
S0042,2024-09,45.5,21.6,19.79
S0042,2024-10,35.36,32.5,22.78
S0042,2024-11,45.5,18.0,19.0
S0042,2024-12,39.91,2.8,2.27
S0042,2025-01,45.5,10.7,11.61
S0042,2025-02,34.51,10.4,7.07
S0042,2025-03,40.12,17.8,15.97
S0042,2025-04,38.54,21.0,17.97
S0042,2025-05,35.75,19.4,15.59
S0042,2025-06,39.71,8.0,6.72
S0042,2025-07,42.89,6.7,5.99
S0042,2025-08,45.5,0.1,0.1
S0042,2025-09,35.47,16.6,12.66
S0042,2025-10,45.5,12.9,12.47
S0042,2025-11,45.5,9.1,8.72
S0042,2025-12,45.5,8.6,8.42
S0042,2026-01,45.5,8.9,9.44
S0042,2026-02,45.5,20.2,20.48
S0042,2026-03,45.5,12.4,12.89
S0042,2026-04,45.5,10.2,10.26
S0042,2026-05,45.5,10.2,10.02
S0042,2026-06,45.5,16.3,17.29
S0043,2024-07,8.75,264.9,203.15
S0043,2024-08,10.35,306.3,318.6
S0043,2024-09,8.7,385.9,305.86
S0043,2024-10,10.35,342.7,351.68
S0043,2024-11,10.35,245.2,238.76
S0043,2024-12,9.33,312.5,273.14
S0043,2025-01,10.35,231.5,235.04
S0043,2025-02,10.35,179.3,182.43
S0043,2025-03,10.35,245.3,262.62
S0043,2025-04,10.35,179.4,180.65
S0043,2025-05,10.35,201.6,212.1
S0043,2025-06,9.41,235.6,200.37
S0043,2025-07,8.88,122.7,103.81
S0043,2025-08,10.35,218.8,219.23
S0043,2025-09,8.46,334.2,265.43
S0043,2025-10,10.35,119.1,111.86
S0043,2025-11,8.37,408.3,307.44
S0043,2025-12,9.7,225.7,223.55
S0043,2026-01,10.35,120.5,113.96
S0043,2026-02,10.35,155.6,149.98
S0043,2026-03,9.62,213.4,186.51
S0043,2026-04,10.35,168.5,170.36
S0043,2026-05,10.35,212.0,225.75
S0043,2026-06,10.35,196.4,197.54
S0044,2024-07,2.85,18.2,18.5
S0044,2024-08,2.85,26.8,26.92
S0044,2024-09,2.85,17.5,16.98
S0044,2024-10,2.85,12.6,13.08
S0044,2024-11,2.85,10.7,10.72
S0044,2024-12,2.61,0.1,0.1
S0044,2025-01,2.85,19.2,18.77
S0044,2025-02,2.59,23.2,20.53
S0044,2025-03,2.85,22.2,22.53
S0044,2025-04,2.85,25.4,27.89
S0044,2025-05,2.85,9.7,9.14
S0044,2025-06,2.85,9.7,9.29
S0044,2025-07,2.45,16.1,12.63
S0044,2025-08,2.85,14.1,14.62
S0044,2025-09,2.85,27.2,27.64
S0044,2025-10,2.85,26.4,27.86
S0044,2025-11,2.26,16.5,12.28
S0044,2025-12,2.85,22.2,22.17
S0044,2026-01,2.85,6.1,6.09
S0044,2026-02,2.85,19.3,19.44
S0044,2026-03,2.69,18.4,17.07
S0044,2026-04,2.16,52.1,31.54
S0044,2026-05,2.24,18.1,12.64
S0044,2026-06,2.85,11.1,11.95
S0045,2024-07,18.33,33.5,32.81
S0045,2024-08,18.33,34.2,33.8
S0045,2024-09,18.33,34.6,35.32
S0045,2024-10,18.33,56.7,57.11
S0045,2024-11,15.89,50.3,39.54
S0045,2024-12,18.33,46.9,46.86
S0045,2025-01,18.33,32.9,31.43
S0045,2025-02,18.33,38.9,38.83
S0045,2025-03,17.39,44.4,43.0
S0045,2025-04,18.33,43.6,42.06
S0045,2025-05,18.33,43.4,42.88
S0045,2025-06,13.83,84.8,53.29
S0045,2025-07,14.83,27.4,21.27
S0045,2025-08,18.33,39.3,38.91
S0045,2025-09,18.33,35.0,36.39
S0045,2025-10,15.85,58.4,44.75
S0045,2025-11,18.33,45.1,46.85
S0045,2025-12,18.33,38.0,36.77
S0045,2026-01,18.33,28.6,27.6
S0045,2026-02,16.28,44.1,37.37
S0045,2026-03,18.33,53.0,49.8
S0045,2026-04,18.33,59.6,56.85
S0045,2026-05,18.33,64.5,68.02
S0045,2026-06,14.78,62.1,43.01
S0046,2024-07,1.25,80.3,78.44
S0046,2024-08,1.13,91.1,74.36
S0046,2024-09,1.25,51.5,51.04
S0046,2024-10,0.98,132.4,85.48
S0046,2024-11,1.25,30.9,31.31
S0046,2024-12,1.16,68.3,59.14
S0046,2025-01,1.25,33.2,33.75
S0046,2025-02,1.06,89.1,64.99
S0046,2025-03,1.25,84.4,84.92
S0046,2025-04,1.16,139.2,114.29
S0046,2025-05,1.25,79.0,82.17
S0046,2025-06,1.25,46.0,47.73
S0046,2025-07,1.25,35.9,35.34
S0046,2025-08,1.25,63.5,63.33
S0046,2025-09,1.25,51.3,47.23
S0046,2025-10,1.04,136.7,96.06
S0046,2025-11,1.25,51.9,51.42
S0046,2025-12,1.25,62.6,66.79
S0046,2026-01,1.25,47.5,48.09
S0046,2026-02,1.11,92.9,77.55
S0046,2026-03,1.25,59.5,64.49
S0046,2026-04,1.25,78.8,82.75
S0046,2026-05,1.14,76.1,70.12
S0046,2026-06,1.05,46.9,35.98
S0047,2024-07,25.8,109.6,113.08
S0047,2024-08,25.8,160.3,166.3
S0047,2024-09,25.8,127.0,127.35
S0047,2024-10,25.8,252.1,241.08
S0047,2024-11,23.89,112.5,88.01
S0047,2024-12,25.8,76.2,81.3
S0047,2025-01,20.11,212.6,159.38
S0047,2025-02,25.8,147.7,146.05
S0047,2025-03,24.3,140.0,127.24
S0047,2025-04,25.8,162.7,153.94
S0047,2025-05,25.8,164.4,165.91
S0047,2025-06,19.72,344.5,222.02
S0047,2025-07,25.8,163.5,164.04
S0047,2025-08,22.48,106.8,94.03
S0047,2025-09,25.8,0.1,0.1
S0047,2025-10,20.25,131.8,93.24
S0047,2025-11,19.48,210.8,140.84
S0047,2025-12,25.8,126.1,119.84
S0047,2026-01,21.56,178.2,134.1
S0047,2026-02,25.8,136.2,128.16
S0047,2026-03,25.8,69.9,75.88
S0047,2026-04,25.8,93.4,102.78
S0047,2026-05,22.56,83.6,75.19
S0047,2026-06,23.03,32.6,28.84
S0048,2024-07,9.92,22.7,20.89
S0048,2024-08,10.47,16.0,14.3
S0048,2024-09,10.47,8.8,8.59
S0048,2024-10,10.47,32.8,32.61
S0048,2024-11,8.69,0.1,0.1
S0048,2024-12,8.25,30.9,23.49
S0048,2025-01,10.47,18.6,17.11
S0048,2025-02,10.47,11.4,12.05
S0048,2025-03,9.1,32.0,26.81
S0048,2025-04,8.17,20.2,13.79
S0048,2025-05,8.0,24.0,19.43
S0048,2025-06,10.47,19.9,18.65
S0048,2025-07,10.47,17.5,17.99
S0048,2025-08,10.47,12.4,13.26
S0048,2025-09,10.47,7.9,7.67
S0048,2025-10,8.07,42.1,31.99
S0048,2025-11,10.47,29.4,28.28
S0048,2025-12,10.47,13.5,13.15
S0048,2026-01,10.47,37.3,38.56
S0048,2026-02,9.72,15.7,13.5
S0048,2026-03,8.27,29.9,20.69
S0048,2026-04,10.47,18.9,19.1
S0048,2026-05,9.26,20.1,18.81
S0048,2026-06,8.13,27.5,19.36
S0049,2024-07,31.43,3.5,3.26
S0049,2024-08,31.43,9.4,9.21
S0049,2024-09,31.43,8.4,8.05
S0049,2024-10,31.43,8.4,8.38
S0049,2024-11,31.43,16.8,16.45
S0049,2024-12,31.43,7.6,7.39
S0049,2025-01,31.43,4.4,4.0
S0049,2025-02,31.43,4.7,4.47
S0049,2025-03,31.43,11.8,11.98
S0049,2025-04,31.43,10.7,10.08
S0049,2025-05,31.43,8.4,8.56
S0049,2025-06,31.43,10.2,10.17
S0049,2025-07,29.48,7.9,7.05
S0049,2025-08,31.43,9.4,9.64
S0049,2025-09,31.43,9.9,10.34
S0049,2025-10,31.43,6.1,6.6
S0049,2025-11,31.43,2.5,2.48
S0049,2025-12,31.43,13.6,13.41
S0049,2026-01,31.43,11.4,12.31
S0049,2026-02,31.43,7.4,7.85
S0049,2026-03,24.38,11.1,7.79
S0049,2026-04,31.43,10.7,10.46
S0049,2026-05,31.43,9.2,9.28
S0049,2026-06,31.43,10.8,10.56
S0050,2024-07,18.17,5.6,5.63
S0050,2024-08,18.17,8.5,8.62
S0050,2024-09,18.17,9.2,8.79
S0050,2024-10,15.68,17.5,13.79
S0050,2024-11,15.42,9.1,7.88
S0050,2024-12,18.17,2.0,1.82
S0050,2025-01,18.17,11.4,10.99
S0050,2025-02,18.17,5.7,5.9
S0050,2025-03,18.17,7.8,6.78
S0050,2025-04,18.17,11.4,10.92
S0050,2025-05,18.17,3.2,3.14
S0050,2025-06,15.36,6.6,4.98
S0050,2025-07,18.17,6.9,7.07
S0050,2025-08,18.17,8.1,8.03
S0050,2025-09,16.29,3.1,2.65
S0050,2025-10,14.81,9.3,7.67
S0050,2025-11,18.17,2.8,2.81
S0050,2025-12,16.19,7.0,6.26
S0050,2026-01,18.17,3.0,2.97
S0050,2026-02,18.17,0.1,0.1
S0050,2026-03,14.87,13.5,11.15
S0050,2026-04,18.17,8.5,8.4
S0050,2026-05,18.17,6.4,6.65
S0050,2026-06,18.17,4.7,4.85
S0051,2024-07,5.55,10.9,10.71
S0051,2024-08,4.5,10.4,7.22
S0051,2024-09,4.69,26.3,18.65
S0051,2024-10,5.22,20.3,18.42
S0051,2024-11,4.19,27.2,17.52
S0051,2024-12,4.21,12.2,7.47
S0051,2025-01,5.24,0.3,0.3
S0051,2025-02,5.55,12.0,11.73
S0051,2025-03,5.02,6.8,5.82
S0051,2025-04,5.55,16.5,16.25
S0051,2025-05,4.98,19.2,16.17
S0051,2025-06,5.55,6.7,6.12
S0051,2025-07,5.55,10.6,10.43
S0051,2025-08,5.55,8.9,8.47
S0051,2025-09,5.55,16.9,16.69
S0051,2025-10,5.55,14.9,15.63
S0051,2025-11,5.55,5.9,5.56
S0051,2025-12,4.73,7.8,5.96
S0051,2026-01,5.55,0.1,0.1
S0051,2026-02,5.55,3.6,3.65
S0051,2026-03,4.53,10.9,8.58
S0051,2026-04,5.55,1.5,1.49
S0051,2026-05,5.07,16.7,14.32
S0051,2026-06,5.55,1.3,1.22
S0052,2024-07,0.99,181.8,161.32
S0052,2024-08,0.99,262.7,245.62
S0052,2024-09,0.99,135.1,148.34
S0052,2024-10,0.99,255.4,240.34
S0052,2024-11,0.99,258.4,259.12
S0052,2024-12,0.86,298.0,239.02
S0052,2025-01,0.99,216.1,190.98
S0052,2025-02,0.99,181.0,186.06
S0052,2025-03,0.99,333.7,319.91
S0052,2025-04,0.99,248.2,269.92
S0052,2025-05,0.99,355.6,336.46
S0052,2025-06,0.99,214.3,203.46
S0052,2025-07,0.84,291.4,250.19
S0052,2025-08,0.99,166.3,177.95
S0052,2025-09,0.99,200.5,218.4
S0052,2025-10,0.76,540.9,339.98
S0052,2025-11,0.99,219.6,205.53
S0052,2025-12,0.85,132.9,99.82
S0052,2026-01,0.99,136.5,139.13
S0052,2026-02,0.99,176.0,162.86
S0052,2026-03,0.99,137.2,130.66
S0052,2026-04,0.99,195.2,204.98
S0052,2026-05,0.99,260.7,282.0
S0052,2026-06,0.74,309.0,193.77
S0053,2024-07,4.89,90.4,82.17
S0053,2024-08,5.24,51.9,51.78
S0053,2024-09,5.24,65.1,63.33
S0053,2024-10,5.24,100.6,106.1
S0053,2024-11,5.24,75.5,70.76
S0053,2024-12,4.44,106.1,78.3
S0053,2025-01,5.24,60.3,65.69
S0053,2025-02,4.86,63.4,57.58
S0053,2025-03,5.24,96.2,94.78
S0053,2025-04,5.24,105.6,93.24
S0053,2025-05,5.24,83.1,80.38
S0053,2025-06,5.24,58.2,58.5
S0053,2025-07,5.24,52.4,50.47
S0053,2025-08,5.24,80.6,76.67
S0053,2025-09,5.24,66.3,70.41
S0053,2025-10,5.24,83.4,82.1
S0053,2025-11,5.24,64.7,62.51
S0053,2025-12,4.31,112.8,87.43
S0053,2026-01,5.24,57.7,60.19
S0053,2026-02,5.24,85.6,90.5
S0053,2026-03,4.66,122.8,105.57
S0053,2026-04,4.0,134.7,90.0
S0053,2026-05,5.24,60.7,59.94
S0053,2026-06,5.24,59.7,60.66
S0054,2024-07,5.42,34.0,35.84
S0054,2024-08,5.42,36.3,36.01
S0054,2024-09,5.42,38.4,38.83
S0054,2024-10,5.42,40.4,42.17
S0054,2024-11,5.42,46.3,46.44
S0054,2024-12,4.47,49.9,37.77
S0054,2025-01,5.42,40.5,38.66
S0054,2025-02,5.42,36.7,37.73
S0054,2025-03,4.48,56.4,41.08
S0054,2025-04,5.42,39.9,40.31
S0054,2025-05,5.42,38.3,39.31
S0054,2025-06,5.42,37.7,38.63
S0054,2025-07,5.42,39.8,38.6
S0054,2025-08,5.42,35.4,38.5
S0054,2025-09,4.11,58.6,39.87
S0054,2025-10,4.39,63.2,46.48
S0054,2025-11,5.42,35.5,37.39
S0054,2025-12,5.42,37.5,37.38
S0054,2026-01,4.23,34.4,24.17
S0054,2026-02,5.42,34.4,36.51
S0054,2026-03,4.63,43.9,37.83
S0054,2026-04,5.01,47.9,45.75
S0054,2026-05,5.42,35.0,37.58
S0054,2026-06,5.42,37.2,36.09
S0055,2024-07,1.55,168.3,115.15
S0055,2024-08,1.73,50.9,46.95
S0055,2024-09,1.89,72.8,80.28
S0055,2024-10,1.89,88.6,87.83
S0055,2024-11,1.49,117.6,75.89
S0055,2024-12,1.89,65.7,67.32
S0055,2025-01,1.89,46.5,48.88
S0055,2025-02,1.89,148.4,134.16
S0055,2025-03,1.74,74.3,66.95
S0055,2025-04,1.89,23.8,24.61
S0055,2025-05,1.45,134.9,88.79
S0055,2025-06,1.89,108.6,103.26
S0055,2025-07,1.71,80.6,73.16
S0055,2025-08,1.89,74.2,73.88
S0055,2025-09,1.89,71.9,65.91
S0055,2025-10,1.89,58.9,58.66
S0055,2025-11,1.89,29.3,29.36
S0055,2025-12,1.89,27.6,28.19
S0055,2026-01,1.89,39.6,39.89
S0055,2026-02,1.89,8.1,7.38
S0055,2026-03,1.68,89.9,73.04
S0055,2026-04,1.58,87.8,65.5
S0055,2026-05,1.89,33.3,33.6
S0055,2026-06,1.89,78.6,79.55
S0056,2024-07,208.95,3.7,3.92
S0056,2024-08,182.6,6.0,4.66
S0056,2024-09,208.95,9.0,9.21
S0056,2024-10,208.95,5.6,5.6
S0056,2024-11,208.95,5.6,5.65
S0056,2024-12,180.18,7.9,5.97
S0056,2025-01,208.95,9.2,9.28
S0056,2025-02,208.95,10.0,11.57
S0056,2025-03,208.95,4.5,4.73
S0056,2025-04,164.59,9.1,6.0
S0056,2025-05,208.95,10.0,9.47
S0056,2025-06,208.95,6.6,6.42
S0056,2025-07,208.95,2.5,2.59
S0056,2025-08,208.95,6.3,6.1
S0056,2025-09,208.95,5.9,5.9
S0056,2025-10,195.76,6.3,5.5
S0056,2025-11,174.16,6.3,4.89
S0056,2025-12,158.01,12.4,8.05
S0056,2026-01,208.95,4.1,4.14
S0056,2026-02,208.95,8.3,7.87
S0056,2026-03,165.58,9.1,6.88
S0056,2026-04,191.58,5.5,4.48
S0056,2026-05,197.21,6.2,5.61
S0056,2026-06,208.95,5.3,5.35
S0057,2024-07,3.75,4.5,3.9
S0057,2024-08,3.75,0.1,0.1
S0057,2024-09,3.75,6.6,6.55
S0057,2024-10,3.75,8.1,8.04
S0057,2024-11,3.42,5.3,4.38
S0057,2024-12,3.75,7.2,7.05
S0057,2025-01,3.33,4.1,3.48
S0057,2025-02,2.82,8.3,5.51
S0057,2025-03,3.75,8.2,8.46
S0057,2025-04,2.88,9.2,5.97
S0057,2025-05,3.75,0.1,0.1
S0057,2025-06,3.75,2.7,2.6
S0057,2025-07,3.75,2.5,2.49
S0057,2025-08,3.75,3.9,4.06
S0057,2025-09,3.75,8.3,8.25
S0057,2025-10,3.75,4.6,4.44
S0057,2025-11,3.75,4.4,4.47
S0057,2025-12,3.75,2.3,2.48
S0057,2026-01,3.75,0.1,0.1
S0057,2026-02,3.33,6.1,4.52
S0057,2026-03,3.75,0.3,0.27
S0057,2026-04,3.75,4.5,4.53
S0057,2026-05,2.9,6.0,4.23
S0057,2026-06,3.75,3.6,3.87
S0058,2024-07,10.0,39.8,40.19
S0058,2024-08,10.0,47.4,45.34
S0058,2024-09,8.55,56.9,45.6
S0058,2024-10,10.0,39.6,42.23
S0058,2024-11,10.0,28.9,29.57
S0058,2024-12,10.0,38.3,36.38
S0058,2025-01,8.55,33.9,28.13
S0058,2025-02,10.0,29.7,28.09
S0058,2025-03,10.0,35.5,31.93
S0058,2025-04,8.19,45.6,32.35
S0058,2025-05,7.61,51.3,33.1
S0058,2025-06,10.0,25.3,27.62
S0058,2025-07,10.0,39.1,35.92
S0058,2025-08,10.0,30.1,30.54
S0058,2025-09,9.2,55.2,47.48
S0058,2025-10,10.0,53.2,49.82
S0058,2025-11,10.0,34.7,36.04
S0058,2025-12,10.0,26.2,29.4
S0058,2026-01,10.0,31.0,31.93
S0058,2026-02,10.0,33.0,32.88
S0058,2026-03,7.52,65.9,42.31
S0058,2026-04,10.0,21.7,21.66
S0058,2026-05,10.0,36.1,40.74
S0058,2026-06,10.0,27.3,27.57
S0059,2024-07,0.91,122.6,89.6
S0059,2024-08,1.08,86.7,89.06
S0059,2024-09,1.08,84.7,87.71
S0059,2024-10,0.91,166.5,120.68
S0059,2024-11,1.08,95.4,86.0
S0059,2024-12,1.08,48.0,49.19
S0059,2025-01,1.01,84.3,71.47
S0059,2025-02,1.08,83.0,84.79
S0059,2025-03,0.9,77.5,53.05
S0059,2025-04,1.08,91.5,92.61
S0059,2025-05,1.08,121.7,117.1
S0059,2025-06,1.01,89.3,74.1
S0059,2025-07,1.02,99.9,90.85
S0059,2025-08,1.08,57.8,57.38
S0059,2025-09,0.84,172.0,99.45
S0059,2025-10,0.83,113.0,70.05
S0059,2025-11,1.08,119.8,121.84
S0059,2025-12,1.08,90.5,88.97
S0059,2026-01,1.08,133.0,129.2
S0059,2026-02,1.08,92.6,83.3
S0059,2026-03,0.9,154.1,102.72
S0059,2026-04,1.08,144.3,140.84
S0059,2026-05,1.08,94.3,97.51
S0059,2026-06,1.08,80.1,81.53
S0060,2024-07,0.71,50.8,47.79
S0060,2024-08,0.71,38.7,36.47
S0060,2024-09,0.71,51.1,54.59
S0060,2024-10,0.71,44.6,47.48
S0060,2024-11,0.71,53.5,54.22
S0060,2024-12,0.71,42.3,43.71
S0060,2025-01,0.71,44.8,45.4
S0060,2025-02,0.71,40.9,41.85
S0060,2025-03,0.71,49.6,53.54
S0060,2025-04,0.71,62.0,63.66
S0060,2025-05,0.71,59.8,60.5
S0060,2025-06,0.71,42.7,45.49
S0060,2025-07,0.63,52.3,40.61
S0060,2025-08,0.66,50.1,46.37
S0060,2025-09,0.71,52.8,56.05
S0060,2025-10,0.71,64.9,59.31
S0060,2025-11,0.57,65.2,46.12
S0060,2025-12,0.62,53.8,44.67
S0060,2026-01,0.71,42.5,41.41
S0060,2026-02,0.6,60.2,47.47
S0060,2026-03,0.71,45.5,44.87
S0060,2026-04,0.71,48.1,44.53
S0060,2026-05,0.71,57.9,60.75
S0060,2026-06,0.71,46.6,43.05
S0061,2024-07,21.87,265.4,239.65
S0061,2024-08,21.87,174.7,185.32
S0061,2024-09,21.87,155.6,161.93
S0061,2024-10,21.87,267.2,287.59
S0061,2024-11,19.1,280.1,240.49
S0061,2024-12,20.56,256.3,231.17
S0061,2025-01,21.87,281.3,272.82
S0061,2025-02,21.87,286.0,276.59
S0061,2025-03,21.87,220.2,218.84
S0061,2025-04,21.87,262.3,285.78
S0061,2025-05,16.95,174.9,126.73
S0061,2025-06,21.87,216.0,232.61
S0061,2025-07,21.87,233.6,246.09
S0061,2025-08,21.87,227.5,232.28
S0061,2025-09,16.92,503.3,314.52
S0061,2025-10,19.63,402.3,316.72
S0061,2025-11,21.87,157.2,146.25
S0061,2025-12,21.87,204.1,209.51
S0061,2026-01,17.07,371.5,266.97
S0061,2026-02,19.1,197.2,154.46
S0061,2026-03,21.87,149.6,142.79
S0061,2026-04,21.87,223.6,222.92
S0061,2026-05,21.87,241.5,242.63
S0061,2026-06,20.64,169.6,154.28
S0062,2024-07,14.05,3.0,2.17
S0062,2024-08,15.4,4.1,3.41
S0062,2024-09,17.29,5.1,5.49
S0062,2024-10,15.67,7.4,6.48
S0062,2024-11,16.23,3.7,3.26
S0062,2024-12,17.29,3.7,3.85
S0062,2025-01,17.29,4.4,4.34
S0062,2025-02,17.29,6.8,7.27
S0062,2025-03,17.29,5.1,4.97
S0062,2025-04,17.29,5.1,5.27
S0062,2025-05,17.29,8.0,7.42
S0062,2025-06,15.88,2.0,1.87
S0062,2025-07,15.25,4.9,4.16
S0062,2025-08,17.29,5.1,5.21
S0062,2025-09,15.84,4.2,3.74
S0062,2025-10,17.29,3.5,3.34
S0062,2025-11,17.29,2.9,2.97
S0062,2025-12,17.29,2.9,2.71
S0062,2026-01,16.3,6.9,5.86
S0062,2026-02,17.29,5.6,5.19
S0062,2026-03,17.29,7.0,6.91
S0062,2026-04,14.21,5.9,4.74
S0062,2026-05,17.29,3.7,3.61
S0062,2026-06,17.29,6.4,6.28
S0063,2024-07,7.66,30.1,29.76
S0063,2024-08,7.66,27.9,29.06
S0063,2024-09,6.65,52.1,37.4
S0063,2024-10,6.61,63.9,48.01
S0063,2024-11,7.66,11.1,11.64
S0063,2024-12,6.87,66.0,52.27
S0063,2025-01,7.66,41.6,40.64
S0063,2025-02,7.66,32.4,34.42
S0063,2025-03,6.13,50.0,34.53
S0063,2025-04,7.22,29.4,25.78
S0063,2025-05,6.78,59.8,47.99
S0063,2025-06,7.66,35.2,34.63
S0063,2025-07,6.55,42.1,31.29
S0063,2025-08,7.66,42.5,41.38
S0063,2025-09,7.66,7.5,7.12
S0063,2025-10,6.75,11.4,8.48
S0063,2025-11,7.66,46.1,45.86
S0063,2025-12,7.66,48.6,45.92
S0063,2026-01,7.66,26.3,29.36
S0063,2026-02,7.66,0.1,0.1
S0063,2026-03,7.66,15.8,16.7
S0063,2026-04,7.66,49.3,48.21
S0063,2026-05,6.48,50.0,34.19
S0063,2026-06,5.88,34.4,22.89
S0064,2024-07,0.57,32.4,32.08
S0064,2024-08,0.48,26.8,18.44
S0064,2024-09,0.57,40.7,40.17
S0064,2024-10,0.45,46.3,25.49
S0064,2024-11,0.57,64.6,56.89
S0064,2024-12,0.5,18.3,13.77
S0064,2025-01,0.57,19.9,20.15
S0064,2025-02,0.57,32.9,35.12
S0064,2025-03,0.57,47.3,44.14
S0064,2025-04,0.52,49.6,41.59
S0064,2025-05,0.57,33.1,32.59
S0064,2025-06,0.57,23.9,24.33
S0064,2025-07,0.57,27.6,28.62
S0064,2025-08,0.57,36.7,37.38
S0064,2025-09,0.57,30.2,29.46
S0064,2025-10,0.57,57.0,55.87
S0064,2025-11,0.57,34.1,32.33
S0064,2025-12,0.49,67.8,49.1
S0064,2026-01,0.57,44.5,43.86
S0064,2026-02,0.57,33.0,34.49
S0064,2026-03,0.57,16.1,16.77
S0064,2026-04,0.57,38.7,41.92
S0064,2026-05,0.57,36.2,35.82
S0064,2026-06,0.57,31.3,32.01
S0065,2024-07,6.5,4.3,4.55
S0065,2024-08,6.5,4.5,4.47
S0065,2024-09,6.5,5.1,5.37
S0065,2024-10,6.5,6.8,6.5
S0065,2024-11,6.5,8.7,7.66
S0065,2024-12,6.5,5.2,5.18
S0065,2025-01,6.5,5.6,5.65
S0065,2025-02,6.5,7.1,6.62
S0065,2025-03,6.5,6.7,7.29
S0065,2025-04,6.5,7.0,6.78
S0065,2025-05,6.5,7.3,7.19
S0065,2025-06,5.55,7.0,5.22
S0065,2025-07,6.5,4.9,4.75
S0065,2025-08,6.5,4.9,5.44
S0065,2025-09,5.45,7.3,5.79
S0065,2025-10,6.5,6.4,5.79
S0065,2025-11,4.9,8.9,5.8
S0065,2025-12,6.5,5.9,5.73
S0065,2026-01,6.5,3.8,4.0
S0065,2026-02,6.5,5.6,5.31
S0065,2026-03,6.5,6.6,6.81
S0065,2026-04,6.5,8.2,7.64
S0065,2026-05,6.5,5.9,5.52
S0065,2026-06,6.5,6.3,6.17
S0066,2024-07,6.91,155.0,150.16
S0066,2024-08,5.29,210.3,147.67
S0066,2024-09,6.91,134.6,134.3
S0066,2024-10,6.91,209.8,225.95
S0066,2024-11,6.06,119.0,96.92
S0066,2024-12,6.91,64.1,68.98
S0066,2025-01,5.29,153.0,110.0
S0066,2025-02,6.91,195.2,185.26
S0066,2025-03,5.84,261.2,215.17
S0066,2025-04,6.91,207.9,209.63
S0066,2025-05,5.21,277.3,169.17
S0066,2025-06,6.91,252.0,256.81
S0066,2025-07,6.91,228.2,224.73
S0066,2025-08,6.91,161.1,155.96
S0066,2025-09,6.91,120.7,123.24
S0066,2025-10,5.37,338.5,225.6
S0066,2025-11,6.91,153.0,168.61
S0066,2025-12,6.91,125.9,127.37
S0066,2026-01,6.91,210.2,222.82
S0066,2026-02,6.91,72.2,72.03
S0066,2026-03,6.91,52.4,52.76
S0066,2026-04,5.82,327.0,241.5
S0066,2026-05,6.91,291.8,303.35
S0066,2026-06,5.41,213.6,143.76
S0067,2024-07,1.2,49.3,49.65
S0067,2024-08,1.2,36.4,38.58
S0067,2024-09,1.2,53.2,54.56
S0067,2024-10,1.2,42.0,45.91
S0067,2024-11,1.2,58.4,57.39
S0067,2024-12,0.96,63.5,41.48
S0067,2025-01,1.2,59.3,55.53
S0067,2025-02,1.2,38.1,38.32
S0067,2025-03,0.9,100.9,64.11
S0067,2025-04,1.2,38.7,37.56
S0067,2025-05,1.2,41.5,41.37
S0067,2025-06,1.2,7.4,7.7
S0067,2025-07,1.2,24.0,25.71
S0067,2025-08,1.2,55.6,59.15
S0067,2025-09,1.2,30.2,30.86
S0067,2025-10,0.97,64.3,46.44
S0067,2025-11,1.2,37.8,37.83
S0067,2025-12,1.1,53.2,48.93
S0067,2026-01,1.01,28.7,22.5
S0067,2026-02,1.2,44.7,46.61
S0067,2026-03,1.08,78.2,67.95
S0067,2026-04,1.1,38.8,34.48
S0067,2026-05,1.2,31.8,32.08
S0067,2026-06,1.2,19.2,20.9
S0068,2024-07,12.21,38.4,36.53
S0068,2024-08,12.21,46.7,44.18
S0068,2024-09,11.1,56.3,48.81
S0068,2024-10,12.21,69.8,68.11
S0068,2024-11,12.21,57.0,61.68
S0068,2024-12,12.21,47.5,48.14
S0068,2025-01,12.21,5.0,5.13
S0068,2025-02,12.21,64.6,62.41
S0068,2025-03,12.21,26.5,27.12
S0068,2025-04,12.21,43.6,39.18
S0068,2025-05,12.21,5.0,4.89
S0068,2025-06,12.21,25.1,25.96
S0068,2025-07,12.21,27.1,27.38
S0068,2025-08,12.21,8.7,8.57
S0068,2025-09,12.21,40.5,40.72
S0068,2025-10,9.75,87.8,69.23
S0068,2025-11,12.21,11.9,11.79
S0068,2025-12,12.21,11.9,11.26
S0068,2026-01,12.21,20.6,22.12
S0068,2026-02,12.21,55.5,56.16
S0068,2026-03,12.21,21.4,22.83
S0068,2026-04,12.21,66.3,70.44
S0068,2026-05,12.21,14.4,14.31
S0068,2026-06,12.21,19.6,18.85
S0069,2024-07,18.73,3.8,3.4
S0069,2024-08,18.73,3.5,3.81
S0069,2024-09,18.73,5.5,5.9
S0069,2024-10,18.73,5.7,6.23
S0069,2024-11,18.73,4.0,4.33
S0069,2024-12,18.73,3.4,3.56
S0069,2025-01,18.73,3.4,3.63
S0069,2025-02,14.54,6.6,5.05
S0069,2025-03,18.73,6.0,5.48
S0069,2025-04,18.73,6.6,6.75
S0069,2025-05,18.73,6.1,6.14
S0069,2025-06,14.9,5.8,4.94
S0069,2025-07,18.73,4.3,4.22
S0069,2025-08,18.73,4.6,4.63
S0069,2025-09,18.73,6.2,6.12
S0069,2025-10,18.73,5.3,5.25
S0069,2025-11,18.73,7.2,7.05
S0069,2025-12,18.73,3.7,3.71
S0069,2026-01,18.73,4.5,5.13
S0069,2026-02,15.97,5.2,4.67
S0069,2026-03,14.58,7.0,5.05
S0069,2026-04,18.73,6.5,6.4
S0069,2026-05,18.73,5.1,5.09
S0069,2026-06,18.73,5.7,5.38
S0070,2024-07,44.08,245.6,202.5
S0070,2024-08,41.09,194.0,138.07
S0070,2024-09,48.88,230.8,232.02
S0070,2024-10,48.88,254.2,243.56
S0070,2024-11,48.88,229.0,227.77
S0070,2024-12,48.88,181.0,191.22
S0070,2025-01,48.88,219.2,218.22
S0070,2025-02,48.88,249.1,226.58
S0070,2025-03,48.88,397.0,411.62
S0070,2025-04,48.88,309.3,307.18
S0070,2025-05,39.86,361.8,254.76
S0070,2025-06,48.88,234.5,225.98
S0070,2025-07,48.88,3.4,3.43
S0070,2025-08,48.88,508.4,461.74
S0070,2025-09,48.88,244.8,252.14
S0070,2025-10,48.88,272.2,282.28
S0070,2025-11,48.88,47.8,47.3
S0070,2025-12,41.41,264.3,216.97
S0070,2026-01,48.88,188.8,179.6
S0070,2026-02,48.88,310.8,312.91
S0070,2026-03,37.72,179.3,126.1
S0070,2026-04,48.88,279.4,287.93
S0070,2026-05,48.88,131.1,135.38
S0070,2026-06,48.88,117.7,121.38
S0071,2024-07,1.52,93.2,82.36
S0071,2024-08,1.68,98.5,102.62
S0071,2024-09,1.68,99.5,106.02
S0071,2024-10,1.68,127.1,128.95
S0071,2024-11,1.68,122.4,115.26
S0071,2024-12,1.45,126.1,105.23
S0071,2025-01,1.68,84.3,89.97
S0071,2025-02,1.68,86.4,77.37
S0071,2025-03,1.68,112.2,114.03
S0071,2025-04,1.68,110.0,105.2
S0071,2025-05,1.3,154.5,110.29
S0071,2025-06,1.68,89.4,86.68
S0071,2025-07,1.68,96.3,96.01
S0071,2025-08,1.68,94.9,100.05
S0071,2025-09,1.68,109.9,108.02
S0071,2025-10,1.68,114.8,117.15
S0071,2025-11,1.68,119.2,122.31
S0071,2025-12,1.68,91.1,95.17
S0071,2026-01,1.68,86.6,88.72
S0071,2026-02,1.68,118.6,114.97
S0071,2026-03,1.68,120.5,118.02
S0071,2026-04,1.39,181.6,133.53
S0071,2026-05,1.68,131.6,121.45
S0071,2026-06,1.26,152.0,96.83
S0072,2024-07,0.79,95.0,92.0
S0072,2024-08,0.66,161.1,129.64
S0072,2024-09,0.79,150.2,152.85
S0072,2024-10,0.73,118.2,108.02
S0072,2024-11,0.79,50.3,51.79
S0072,2024-12,0.79,61.8,64.51
S0072,2025-01,0.69,0.1,0.1
S0072,2025-02,0.79,156.9,150.34
S0072,2025-03,0.79,196.1,192.11
S0072,2025-04,0.79,156.8,147.28
S0072,2025-05,0.79,118.9,131.52
S0072,2025-06,0.61,174.5,117.68
S0072,2025-07,0.63,62.9,44.24
S0072,2025-08,0.79,126.5,133.29
S0072,2025-09,0.72,65.5,61.52
S0072,2025-10,0.6,299.0,191.49
S0072,2025-11,0.79,127.1,123.18
S0072,2025-12,0.79,158.3,164.13
S0072,2026-01,0.61,82.8,56.8
S0072,2026-02,0.79,169.4,163.09
S0072,2026-03,0.79,66.5,64.15
S0072,2026-04,0.79,193.7,185.99
S0072,2026-05,0.79,29.0,27.49
S0072,2026-06,0.79,0.1,0.1
S0073,2024-07,223.72,9.0,9.58
S0073,2024-08,223.72,31.6,32.76
S0073,2024-09,223.72,31.2,29.98
S0073,2024-10,223.72,43.6,44.36
S0073,2024-11,223.72,15.1,14.75
S0073,2024-12,223.72,29.2,29.37
S0073,2025-01,196.08,6.9,5.64
S0073,2025-02,223.72,20.1,19.93
S0073,2025-03,223.72,27.8,27.27
S0073,2025-04,223.72,44.2,44.58
S0073,2025-05,203.13,36.5,33.93
S0073,2025-06,223.72,32.2,29.84
S0073,2025-07,169.26,13.1,8.85
S0073,2025-08,223.72,16.1,14.68
S0073,2025-09,223.72,40.0,38.93
S0073,2025-10,223.72,30.2,29.53
S0073,2025-11,211.82,11.5,11.29
S0073,2025-12,223.72,20.9,21.29
S0073,2026-01,223.72,19.1,18.01
S0073,2026-02,223.72,11.8,11.45
S0073,2026-03,223.72,28.8,28.97
S0073,2026-04,223.72,22.8,22.06
S0073,2026-05,173.25,7.1,4.81
S0073,2026-06,223.72,23.4,21.75
S0074,2024-07,1.66,25.6,25.65
S0074,2024-08,1.66,20.6,20.29
S0074,2024-09,1.43,36.0,28.89
S0074,2024-10,1.37,32.7,26.57
S0074,2024-11,1.66,28.0,26.37
S0074,2024-12,1.46,22.3,18.99
S0074,2025-01,1.66,20.9,19.54
S0074,2025-02,1.47,23.2,18.28
S0074,2025-03,1.66,28.0,31.96
S0074,2025-04,1.66,31.6,30.57
S0074,2025-05,1.46,32.4,26.59
S0074,2025-06,1.39,27.8,22.99
S0074,2025-07,1.34,26.5,19.55
S0074,2025-08,1.66,22.1,20.68
S0074,2025-09,1.66,26.9,26.38
S0074,2025-10,1.66,24.2,24.22
S0074,2025-11,1.66,26.7,26.32
S0074,2025-12,1.26,21.0,14.53
S0074,2026-01,1.66,25.4,24.23
S0074,2026-02,1.66,15.4,15.8
S0074,2026-03,1.52,22.1,21.25
S0074,2026-04,1.66,27.4,26.88
S0074,2026-05,1.66,24.7,25.47
S0074,2026-06,1.66,23.0,21.65
S0075,2024-07,17.82,156.3,158.03
S0075,2024-08,17.82,45.4,45.8
S0075,2024-09,17.82,89.9,91.37
S0075,2024-10,17.82,150.7,145.85
S0075,2024-11,17.82,72.7,74.34
S0075,2024-12,14.22,172.5,130.68
S0075,2025-01,15.73,151.4,131.29
S0075,2025-02,17.82,162.8,170.98
S0075,2025-03,17.82,219.6,216.03
S0075,2025-04,17.82,66.7,64.85
S0075,2025-05,13.75,189.6,132.01
S0075,2025-06,17.82,96.2,88.21
S0075,2025-07,17.82,145.5,135.12
S0075,2025-08,17.82,87.3,89.37
S0075,2025-09,14.38,103.6,84.52
S0075,2025-10,15.32,174.9,150.5
S0075,2025-11,17.82,121.7,117.16
S0075,2025-12,17.82,26.4,25.92
S0075,2026-01,16.9,38.2,37.71
S0075,2026-02,17.82,132.4,149.96
S0075,2026-03,17.82,49.6,47.97
S0075,2026-04,17.82,117.3,114.89
S0075,2026-05,17.82,0.1,0.1
S0075,2026-06,17.82,56.5,55.79
S0076,2024-07,3.37,2.9,3.05
S0076,2024-08,3.37,4.9,4.89
S0076,2024-09,3.37,3.1,3.01
S0076,2024-10,3.37,4.4,4.43
S0076,2024-11,3.37,7.9,7.43
S0076,2024-12,3.37,5.0,5.22
S0076,2025-01,3.37,2.6,2.72
S0076,2025-02,3.37,3.2,3.44
S0076,2025-03,3.11,5.2,4.26
S0076,2025-04,3.37,2.8,2.79
S0076,2025-05,3.37,3.6,3.64
S0076,2025-06,3.37,3.8,4.07
S0076,2025-07,3.37,0.1,0.1
S0076,2025-08,3.37,3.1,3.06
S0076,2025-09,3.37,4.8,4.81
S0076,2025-10,3.37,4.2,4.69
S0076,2025-11,3.37,4.3,4.64
S0076,2025-12,3.37,2.9,2.86
S0076,2026-01,3.37,2.9,2.87
S0076,2026-02,3.37,3.2,3.18
S0076,2026-03,2.56,6.3,3.58
S0076,2026-04,2.71,5.5,3.76
S0076,2026-05,3.37,4.3,4.15
S0076,2026-06,3.37,1.3,1.34
S0077,2024-07,1.18,7.0,7.31
S0077,2024-08,1.18,6.0,5.54
S0077,2024-09,1.18,7.3,7.45
S0077,2024-10,1.01,3.8,3.18
S0077,2024-11,1.18,13.2,12.58
S0077,2024-12,0.99,8.3,6.47
S0077,2025-01,1.18,19.5,18.84
S0077,2025-02,1.05,0.1,0.1
S0077,2025-03,1.06,12.4,10.25
S0077,2025-04,1.18,14.0,15.22
S0077,2025-05,1.1,10.9,10.35
S0077,2025-06,1.18,7.3,7.36
S0077,2025-07,1.01,12.8,10.02
S0077,2025-08,1.18,8.2,7.92
S0077,2025-09,0.9,4.6,3.15
S0077,2025-10,1.18,7.8,7.59
S0077,2025-11,1.18,10.4,10.65
S0077,2025-12,1.18,10.4,10.2
S0077,2026-01,1.18,10.0,10.39
S0077,2026-02,1.18,0.9,0.88
S0077,2026-03,1.18,19.4,20.87
S0077,2026-04,0.9,7.1,4.67
S0077,2026-05,1.18,11.6,11.32
S0077,2026-06,1.18,7.8,7.71
S0078,2024-07,7.54,26.9,26.36
S0078,2024-08,7.13,47.5,42.58
S0078,2024-09,6.74,42.1,35.82
S0078,2024-10,7.54,38.1,39.91
S0078,2024-11,7.54,37.1,35.83
S0078,2024-12,6.17,43.9,32.42
S0078,2025-01,7.54,31.2,30.7
S0078,2025-02,7.54,31.6,31.52
S0078,2025-03,5.74,69.0,46.85
S0078,2025-04,7.54,41.4,41.03
S0078,2025-05,7.54,35.7,34.7
S0078,2025-06,7.54,34.7,32.97
S0078,2025-07,7.54,30.5,29.48
S0078,2025-08,7.54,38.9,38.48
S0078,2025-09,7.54,37.8,40.84
S0078,2025-10,7.54,39.3,40.23
S0078,2025-11,7.54,44.6,46.48
S0078,2025-12,7.54,30.3,30.7
S0078,2026-01,7.54,31.8,31.36
S0078,2026-02,7.54,41.8,38.25
S0078,2026-03,6.87,42.2,36.64
S0078,2026-04,7.54,43.2,44.34
S0078,2026-05,7.54,29.0,29.12
S0078,2026-06,7.54,44.0,42.67
S0079,2024-07,8.74,3.5,3.74
S0079,2024-08,6.74,5.4,3.84
S0079,2024-09,8.74,4.9,4.97
S0079,2024-10,6.87,7.2,5.11
S0079,2024-11,7.14,5.9,4.49
S0079,2024-12,8.74,3.8,3.87
S0079,2025-01,8.74,3.4,3.42
S0079,2025-02,8.21,4.6,3.99
S0079,2025-03,8.23,4.8,4.19
S0079,2025-04,8.74,5.2,5.03
S0079,2025-05,8.74,3.4,3.53
S0079,2025-06,7.83,4.9,3.91
S0079,2025-07,8.74,2.6,2.59
S0079,2025-08,7.15,4.6,3.64
S0079,2025-09,8.74,3.7,3.9
S0079,2025-10,8.74,4.3,4.18
S0079,2025-11,8.74,3.8,3.93
S0079,2025-12,8.74,3.5,3.29
S0079,2026-01,8.74,2.9,3.1
S0079,2026-02,8.74,3.2,3.39
S0079,2026-03,7.45,4.7,3.54
S0079,2026-04,8.74,3.2,3.2
S0079,2026-05,8.74,3.4,3.62
S0079,2026-06,8.74,3.4,3.46
S0080,2024-07,32.71,11.4,11.17
S0080,2024-08,32.71,16.0,16.6
S0080,2024-09,30.76,11.1,9.42
S0080,2024-10,32.71,12.0,11.83
S0080,2024-11,32.71,13.5,13.43
S0080,2024-12,32.71,6.4,6.31
S0080,2025-01,29.89,8.8,7.45
S0080,2025-02,32.71,16.3,17.2
S0080,2025-03,32.71,12.1,11.75
S0080,2025-04,32.71,8.5,8.41
S0080,2025-05,32.71,6.5,6.58
S0080,2025-06,32.71,13.4,13.97
S0080,2025-07,27.64,18.8,14.55
S0080,2025-08,32.71,15.2,15.52
S0080,2025-09,29.86,18.3,17.36
S0080,2025-10,32.71,11.5,12.6
S0080,2025-11,26.11,13.4,10.32
S0080,2025-12,32.71,12.1,11.92
S0080,2026-01,27.32,16.3,12.16
S0080,2026-02,25.27,16.4,10.85
S0080,2026-03,28.29,14.2,10.28
S0080,2026-04,26.76,10.4,7.98
S0080,2026-05,32.71,16.9,15.94
S0080,2026-06,32.71,10.6,10.06
S0081,2024-07,1.89,2.1,2.1
S0081,2024-08,1.89,78.8,77.32
S0081,2024-09,1.53,863.0,611.74
S0081,2024-10,1.89,379.0,374.63
S0081,2024-11,1.89,124.7,131.08
S0081,2024-12,1.89,141.7,148.1
S0081,2025-01,1.61,374.9,318.13
S0081,2025-02,1.45,59.9,42.85
S0081,2025-03,1.89,414.0,415.25
S0081,2025-04,1.89,417.8,430.53
S0081,2025-05,1.89,184.9,176.63
S0081,2025-06,1.43,0.2,0.1
S0081,2025-07,1.89,353.2,363.47
S0081,2025-08,1.47,468.7,321.73
S0081,2025-09,1.89,131.2,125.78
S0081,2025-10,1.89,30.8,28.71
S0081,2025-11,1.89,259.7,276.17
S0081,2025-12,1.89,114.0,114.12
S0081,2026-01,1.52,629.1,446.47
S0081,2026-02,1.89,318.2,314.4
S0081,2026-03,1.89,339.6,352.11
S0081,2026-04,1.89,362.4,366.84
S0081,2026-05,1.89,316.7,313.67
S0081,2026-06,1.89,201.6,203.6
S0082,2024-07,1.22,33.6,30.69
S0082,2024-08,1.22,9.2,9.4
S0082,2024-09,1.22,26.4,25.38
S0082,2024-10,1.22,30.5,30.2
S0082,2024-11,1.22,19.2,20.43
S0082,2024-12,1.01,31.1,20.33
S0082,2025-01,0.94,20.5,13.04
S0082,2025-02,1.22,21.1,21.2
S0082,2025-03,1.22,28.7,26.29
S0082,2025-04,1.22,32.5,31.82
S0082,2025-05,1.22,28.5,29.46
S0082,2025-06,1.22,20.6,20.95
S0082,2025-07,1.22,21.8,21.45
S0082,2025-08,1.22,26.2,25.29
S0082,2025-09,1.22,14.9,15.39
S0082,2025-10,1.22,24.5,24.18
S0082,2025-11,1.22,19.2,17.82
S0082,2025-12,1.22,19.6,19.73
S0082,2026-01,1.22,17.2,16.85
S0082,2026-02,1.22,20.3,21.19
S0082,2026-03,1.22,28.2,27.29
S0082,2026-04,1.22,27.8,29.72
S0082,2026-05,1.22,11.7,11.95
S0082,2026-06,0.97,36.6,23.28
S0083,2024-07,1.99,3.1,2.72
S0083,2024-08,1.99,12.0,12.33
S0083,2024-09,1.99,7.4,7.37
S0083,2024-10,1.76,10.1,8.88
S0083,2024-11,1.99,8.0,7.59
S0083,2024-12,1.72,13.7,11.09
S0083,2025-01,1.72,11.0,8.16
S0083,2025-02,1.99,11.2,10.32
S0083,2025-03,1.99,7.8,8.19
S0083,2025-04,1.8,9.9,8.48
S0083,2025-05,1.99,9.3,9.59
S0083,2025-06,1.66,6.2,4.54
S0083,2025-07,1.99,4.3,4.66
S0083,2025-08,1.99,7.5,6.74
S0083,2025-09,1.99,5.7,5.75
S0083,2025-10,1.99,3.1,3.42
S0083,2025-11,1.71,10.2,7.8
S0083,2025-12,1.57,7.4,5.13
S0083,2026-01,1.99,6.4,7.19
S0083,2026-02,1.99,6.2,7.26
S0083,2026-03,1.99,9.8,10.1
S0083,2026-04,1.99,9.4,9.52
S0083,2026-05,1.99,9.2,8.98
S0083,2026-06,1.99,8.3,8.2
S0084,2024-07,20.01,16.8,14.21
S0084,2024-08,22.9,40.5,41.05
S0084,2024-09,22.9,28.1,27.27
S0084,2024-10,22.9,25.2,24.75
S0084,2024-11,22.9,12.5,12.89
S0084,2024-12,22.9,27.5,28.63
S0084,2025-01,22.9,13.7,15.0
S0084,2025-02,22.9,15.3,16.0
S0084,2025-03,22.9,23.8,23.66
S0084,2025-04,22.9,27.6,26.43
S0084,2025-05,22.9,9.6,9.86
S0084,2025-06,19.11,4.5,3.53
S0084,2025-07,21.59,20.5,19.35
S0084,2025-08,22.9,22.4,23.47
S0084,2025-09,22.9,40.8,39.6
S0084,2025-10,22.9,15.4,15.11
S0084,2025-11,22.9,19.9,18.72
S0084,2025-12,22.9,43.1,39.42
S0084,2026-01,22.9,16.0,14.92
S0084,2026-02,20.34,19.0,15.69
S0084,2026-03,22.9,31.0,33.15
S0084,2026-04,22.9,7.5,7.71
S0084,2026-05,22.9,33.0,33.42
S0084,2026-06,22.9,14.5,14.21
S0085,2024-07,17.34,13.6,14.44
S0085,2024-08,17.34,44.7,46.95
S0085,2024-09,17.34,31.1,32.37
S0085,2024-10,17.34,39.3,40.04
S0085,2024-11,17.34,78.9,70.49
S0085,2024-12,17.34,62.8,61.96
S0085,2025-01,13.22,71.2,50.58
S0085,2025-02,17.34,0.3,0.3
S0085,2025-03,17.34,47.2,43.33
S0085,2025-04,17.34,72.9,70.82
S0085,2025-05,17.34,108.1,109.75
S0085,2025-06,17.34,105.4,103.68
S0085,2025-07,17.34,50.7,51.04
S0085,2025-08,17.34,88.8,88.21
S0085,2025-09,13.1,138.6,100.64
S0085,2025-10,17.34,86.1,81.83
S0085,2025-11,17.34,55.5,55.4
S0085,2025-12,17.34,29.2,26.99
S0085,2026-01,15.29,61.7,59.15
S0085,2026-02,17.34,112.3,118.7
S0085,2026-03,17.34,43.5,43.12
S0085,2026-04,16.4,89.2,82.65
S0085,2026-05,17.34,32.5,33.69
S0085,2026-06,17.34,64.6,71.47
S0086,2024-07,25.2,43.8,40.26
S0086,2024-08,25.2,61.0,65.06
S0086,2024-09,25.2,39.6,38.67
S0086,2024-10,20.08,12.2,9.79
S0086,2024-11,25.2,42.9,45.64
S0086,2024-12,25.2,22.4,23.38
S0086,2025-01,25.2,0.1,0.1
S0086,2025-02,25.2,38.3,34.16
S0086,2025-03,25.2,5.2,5.6
S0086,2025-04,25.2,16.7,17.27
S0086,2025-05,19.62,25.7,18.72
S0086,2025-06,25.2,36.1,35.7
S0086,2025-07,25.2,0.1,0.1
S0086,2025-08,25.2,11.7,11.84
S0086,2025-09,22.02,38.5,30.65
S0086,2025-10,25.2,18.4,18.3
S0086,2025-11,25.2,0.1,0.1
S0086,2025-12,19.4,49.3,35.56
S0086,2026-01,25.2,19.7,18.92
S0086,2026-02,21.71,18.9,15.54
S0086,2026-03,25.2,4.8,4.88
S0086,2026-04,19.79,59.9,46.24
S0086,2026-05,25.2,27.9,26.49
S0086,2026-06,25.2,6.6,6.2
S0087,2024-07,0.95,8.1,6.99
S0087,2024-08,1.01,28.4,25.87
S0087,2024-09,1.01,17.9,16.77
S0087,2024-10,1.01,22.6,21.21
S0087,2024-11,1.01,16.8,16.0
S0087,2024-12,1.01,5.2,4.8
S0087,2025-01,1.01,17.8,18.97
S0087,2025-02,1.01,3.5,3.34
S0087,2025-03,1.01,26.8,25.01
S0087,2025-04,0.86,32.8,25.09
S0087,2025-05,1.01,5.3,5.47
S0087,2025-06,1.01,0.1,0.1
S0087,2025-07,1.01,8.9,9.92
S0087,2025-08,1.01,8.9,9.15
S0087,2025-09,1.01,21.6,22.68
S0087,2025-10,1.01,9.1,8.75
S0087,2025-11,1.01,23.5,22.89
S0087,2025-12,1.01,11.3,12.38
S0087,2026-01,0.8,26.9,18.71
S0087,2026-02,1.01,4.9,5.18
S0087,2026-03,1.01,32.2,30.97
S0087,2026-04,1.01,12.1,11.9
S0087,2026-05,1.01,5.6,5.66
S0087,2026-06,1.01,0.1,0.1
S0088,2024-07,1.82,22.3,21.86
S0088,2024-08,1.82,27.1,27.15
S0088,2024-09,1.82,34.8,33.64
S0088,2024-10,1.42,49.9,32.42
S0088,2024-11,1.82,37.4,36.07
S0088,2024-12,1.82,26.4,26.5
S0088,2025-01,1.69,34.3,26.9
S0088,2025-02,1.82,29.9,28.22
S0088,2025-03,1.82,27.6,27.54
S0088,2025-04,1.82,42.9,41.92
S0088,2025-05,1.82,36.8,36.6
S0088,2025-06,1.82,19.3,20.93
S0088,2025-07,1.72,25.0,23.17
S0088,2025-08,1.82,28.3,27.45
S0088,2025-09,1.82,31.9,31.62
S0088,2025-10,1.82,26.8,27.34
S0088,2025-11,1.82,26.3,26.74
S0088,2025-12,1.72,21.0,19.32
S0088,2026-01,1.69,26.0,21.35
S0088,2026-02,1.82,9.2,9.81
S0088,2026-03,1.7,29.9,27.13
S0088,2026-04,1.82,29.6,30.34
S0088,2026-05,1.82,31.4,30.66
S0088,2026-06,1.82,26.3,26.95
S0089,2024-07,1.83,24.4,23.3
S0089,2024-08,1.83,39.0,34.87
S0089,2024-09,1.83,26.0,24.78
S0089,2024-10,1.83,35.8,37.59
S0089,2024-11,1.46,44.6,31.63
S0089,2024-12,1.83,68.0,65.07
S0089,2025-01,1.83,48.1,55.91
S0089,2025-02,1.83,22.7,22.49
S0089,2025-03,1.83,48.8,47.7
S0089,2025-04,1.83,36.8,35.78
S0089,2025-05,1.83,33.7,32.26
S0089,2025-06,1.83,30.5,33.45
S0089,2025-07,1.83,15.5,16.16
S0089,2025-08,1.83,78.4,75.95
S0089,2025-09,1.83,65.2,81.47
S0089,2025-10,1.83,39.7,37.43
S0089,2025-11,1.83,47.0,45.65
S0089,2025-12,1.83,47.7,51.77
S0089,2026-01,1.83,34.6,37.14
S0089,2026-02,1.54,57.1,41.96
S0089,2026-03,1.83,69.9,57.51
S0089,2026-04,1.83,37.5,38.51
S0089,2026-05,1.83,40.2,39.36
S0089,2026-06,1.51,22.4,17.42
S0090,2024-07,287.09,16.2,15.6
S0090,2024-08,287.09,15.6,15.32
S0090,2024-09,287.09,20.3,20.36
S0090,2024-10,287.09,19.4,19.51
S0090,2024-11,287.09,19.1,18.85
S0090,2024-12,223.33,25.5,18.36
S0090,2025-01,287.09,14.5,14.96
S0090,2025-02,287.09,15.7,15.75
S0090,2025-03,287.09,19.1,19.02
S0090,2025-04,287.09,19.8,20.39
S0090,2025-05,287.09,16.1,16.74
S0090,2025-06,287.09,15.5,15.19
S0090,2025-07,287.09,14.6,14.86
S0090,2025-08,287.09,13.2,13.1
S0090,2025-09,224.71,25.6,17.53
S0090,2025-10,243.21,23.2,18.92
S0090,2025-11,287.09,17.3,17.37
S0090,2025-12,287.09,13.5,14.22
S0090,2026-01,287.09,12.5,11.85
S0090,2026-02,244.65,15.9,11.52
S0090,2026-03,287.09,14.5,14.54
S0090,2026-04,287.09,17.8,18.48
S0090,2026-05,287.09,17.7,18.06
S0090,2026-06,287.09,13.8,14.09
S0091,2024-07,0.96,25.6,24.6
S0091,2024-08,0.85,16.2,14.13
S0091,2024-09,0.96,38.4,39.65
S0091,2024-10,0.79,40.1,29.9
S0091,2024-11,0.96,26.9,26.37
S0091,2024-12,0.96,40.3,47.28
S0091,2025-01,0.96,44.2,45.27
S0091,2025-02,0.84,9.6,7.67
S0091,2025-03,0.86,27.8,22.38
S0091,2025-04,0.96,26.1,25.81
S0091,2025-05,0.96,7.9,8.15
S0091,2025-06,0.83,25.0,21.15
S0091,2025-07,0.96,32.9,34.34
S0091,2025-08,0.96,26.9,26.0
S0091,2025-09,0.96,15.8,15.51
S0091,2025-10,0.96,21.7,22.19
S0091,2025-11,0.82,4.2,3.36
S0091,2025-12,0.81,27.1,20.87
S0091,2026-01,0.96,24.5,24.16
S0091,2026-02,0.9,8.3,7.2
S0091,2026-03,0.96,27.1,25.69
S0091,2026-04,0.96,31.8,30.2
S0091,2026-05,0.79,26.9,19.51
S0091,2026-06,0.96,11.4,9.84
S0092,2024-07,0.74,136.7,105.23
S0092,2024-08,0.88,109.8,106.17
S0092,2024-09,0.88,122.9,129.33
S0092,2024-10,0.71,181.4,139.61
S0092,2024-11,0.78,153.0,121.63
S0092,2024-12,0.88,119.1,113.12
S0092,2025-01,0.66,144.1,99.98
S0092,2025-02,0.72,153.6,112.84
S0092,2025-03,0.88,136.7,132.29
S0092,2025-04,0.88,113.9,112.53
S0092,2025-05,0.88,134.7,126.51
S0092,2025-06,0.83,100.2,98.54
S0092,2025-07,0.88,88.1,94.91
S0092,2025-08,0.75,113.0,96.8
S0092,2025-09,0.88,137.8,135.47
S0092,2025-10,0.74,150.4,134.54
S0092,2025-11,0.88,121.3,105.13
S0092,2025-12,0.88,134.0,115.54
S0092,2026-01,0.88,93.5,95.52
S0092,2026-02,0.77,98.6,84.57
S0092,2026-03,0.73,146.1,121.51
S0092,2026-04,0.88,130.8,132.71
S0092,2026-05,0.88,117.5,116.54
S0092,2026-06,0.7,162.6,120.42
S0093,2024-07,38.25,35.6,36.0
S0093,2024-08,38.25,40.8,38.93
S0093,2024-09,38.25,50.4,51.23
S0093,2024-10,38.25,45.6,44.92
S0093,2024-11,31.84,74.9,55.75
S0093,2024-12,38.25,33.7,35.24
S0093,2025-01,38.25,45.9,45.47
S0093,2025-02,32.0,47.7,36.99
S0093,2025-03,38.25,27.3,28.99
S0093,2025-04,38.25,49.8,52.25
S0093,2025-05,38.25,42.9,41.95
S0093,2025-06,38.25,38.3,42.47
S0093,2025-07,29.45,82.1,55.54
S0093,2025-08,38.25,36.8,36.22
S0093,2025-09,38.25,32.7,31.98
S0093,2025-10,38.25,33.5,33.42
S0093,2025-11,38.25,32.8,36.43
S0093,2025-12,38.25,39.1,37.66
S0093,2026-01,38.25,39.2,38.85
S0093,2026-02,38.25,17.4,17.24
S0093,2026-03,31.57,54.5,40.87
S0093,2026-04,38.25,38.5,37.97
S0093,2026-05,38.25,38.5,36.96
S0093,2026-06,38.25,46.0,46.29
S0094,2024-07,11.21,6.9,6.4
S0094,2024-08,12.4,14.2,13.73
S0094,2024-09,12.4,13.7,14.02
S0094,2024-10,12.4,12.6,11.45
S0094,2024-11,9.96,11.3,8.94
S0094,2024-12,11.29,9.7,8.9
S0094,2025-01,12.4,7.0,7.04
S0094,2025-02,12.4,14.3,15.87
S0094,2025-03,10.08,18.7,14.53
S0094,2025-04,12.4,9.6,9.27
S0094,2025-05,12.4,12.0,12.26
S0094,2025-06,12.4,11.7,12.95
S0094,2025-07,9.75,14.3,11.6
S0094,2025-08,12.4,6.7,6.69
S0094,2025-09,12.4,10.7,11.09
S0094,2025-10,12.4,14.1,13.49
S0094,2025-11,12.4,10.3,10.7
S0094,2025-12,11.56,9.1,8.78
S0094,2026-01,12.4,2.8,3.05
S0094,2026-02,12.4,2.9,3.16
S0094,2026-03,12.4,6.7,6.91
S0094,2026-04,12.4,11.7,11.73
S0094,2026-05,12.4,13.8,13.17
S0094,2026-06,12.4,4.8,4.57
S0095,2024-07,6.92,8.2,8.36
S0095,2024-08,6.92,7.3,7.69
S0095,2024-09,6.92,6.1,6.02
S0095,2024-10,6.92,7.0,7.97
S0095,2024-11,6.92,4.8,4.89
S0095,2024-12,6.92,6.4,6.07
S0095,2025-01,6.92,3.5,3.51
S0095,2025-02,6.92,2.6,2.47
S0095,2025-03,6.92,6.5,7.16
S0095,2025-04,6.92,6.0,5.71
S0095,2025-05,5.26,13.2,6.3
S0095,2025-06,6.92,4.7,5.1
S0095,2025-07,5.68,9.6,5.63
S0095,2025-08,5.98,6.6,4.38
S0095,2025-09,6.92,6.4,6.27
S0095,2025-10,6.92,6.1,5.73
S0095,2025-11,5.52,7.5,4.2
S0095,2025-12,6.92,5.4,5.76
S0095,2026-01,6.29,3.0,2.37
S0095,2026-02,6.02,8.8,6.44
S0095,2026-03,6.4,11.4,9.26
S0095,2026-04,6.92,3.6,3.8
S0095,2026-05,6.92,6.0,6.52
S0095,2026-06,5.62,11.2,6.93
S0096,2024-07,5.34,35.2,31.02
S0096,2024-08,4.49,33.2,22.87
S0096,2024-09,4.53,49.4,31.47
S0096,2024-10,4.77,51.0,36.59
S0096,2024-11,5.7,28.7,26.06
S0096,2024-12,5.7,18.8,19.04
S0096,2025-01,5.34,24.9,22.71
S0096,2025-02,5.7,27.3,27.89
S0096,2025-03,5.7,30.4,30.64
S0096,2025-04,5.7,23.4,23.76
S0096,2025-05,5.7,19.3,19.98
S0096,2025-06,5.4,32.3,30.76
S0096,2025-07,5.7,0.1,0.1
S0096,2025-08,5.7,32.9,33.73
S0096,2025-09,4.34,33.2,21.87
S0096,2025-10,5.7,32.8,33.34
S0096,2025-11,5.7,6.4,6.68
S0096,2025-12,5.03,11.9,9.49
S0096,2026-01,5.7,13.9,13.3
S0096,2026-02,5.7,13.1,12.26
S0096,2026-03,5.7,11.6,12.38
S0096,2026-04,5.7,32.5,32.73
S0096,2026-05,5.7,34.3,34.21
S0096,2026-06,5.01,17.6,14.3
S0097,2024-07,4.94,36.9,38.48
S0097,2024-08,4.94,60.6,65.78
S0097,2024-09,4.94,77.5,77.91
S0097,2024-10,4.94,58.4,60.15
S0097,2024-11,4.64,71.5,65.72
S0097,2024-12,4.94,50.6,53.18
S0097,2025-01,4.94,65.9,68.87
S0097,2025-02,4.94,46.5,46.96
S0097,2025-03,4.34,85.2,77.73
S0097,2025-04,4.94,86.2,91.73
S0097,2025-05,3.86,136.2,87.63
S0097,2025-06,4.94,24.2,24.95
S0097,2025-07,3.79,101.2,67.31
S0097,2025-08,4.06,97.7,70.83
S0097,2025-09,4.94,53.1,53.57
S0097,2025-10,4.94,51.9,51.67
S0097,2025-11,4.94,84.1,87.39
S0097,2025-12,4.94,72.4,70.08
S0097,2026-01,4.94,81.6,72.85
S0097,2026-02,4.94,53.5,57.56
S0097,2026-03,4.94,41.7,42.77
S0097,2026-04,3.85,137.8,92.52
S0097,2026-05,4.94,53.6,56.11
S0097,2026-06,4.94,30.6,30.19
S0098,2024-07,1.84,33.3,33.42
S0098,2024-08,1.84,45.4,44.02
S0098,2024-09,1.84,108.0,114.49
S0098,2024-10,1.84,76.8,69.05
S0098,2024-11,1.43,186.0,109.06
S0098,2024-12,1.84,91.8,94.84
S0098,2025-01,1.84,57.3,57.63
S0098,2025-02,1.84,51.3,54.05
S0098,2025-03,1.57,97.2,71.19
S0098,2025-04,1.59,128.0,99.54
S0098,2025-05,1.84,61.4,61.53
S0098,2025-06,1.84,61.4,63.53
S0098,2025-07,1.84,55.8,58.0
S0098,2025-08,1.51,60.5,39.11
S0098,2025-09,1.84,114.3,122.12
S0098,2025-10,1.84,90.7,92.15
S0098,2025-11,1.84,9.2,9.85
S0098,2025-12,1.84,77.9,69.36
S0098,2026-01,1.52,0.1,0.1
S0098,2026-02,1.84,66.4,66.78
S0098,2026-03,1.84,78.4,76.62
S0098,2026-04,1.84,62.7,60.19
S0098,2026-05,1.84,73.1,66.42
S0098,2026-06,1.5,70.0,41.57
S0099,2024-07,0.71,100.9,105.7
S0099,2024-08,0.59,100.4,78.58
S0099,2024-09,0.59,243.7,196.04
S0099,2024-10,0.71,163.2,152.64
S0099,2024-11,0.71,55.5,57.14
S0099,2024-12,0.71,119.6,115.03
S0099,2025-01,0.71,0.1,0.1
S0099,2025-02,0.53,236.7,154.76
S0099,2025-03,0.71,91.1,104.07
S0099,2025-04,0.63,159.8,147.25
S0099,2025-05,0.71,91.3,96.78
S0099,2025-06,0.71,113.9,114.38
S0099,2025-07,0.71,0.1,0.1
S0099,2025-08,0.71,73.6,73.65
S0099,2025-09,0.71,217.3,206.53
S0099,2025-10,0.71,280.7,274.06
S0099,2025-11,0.71,97.4,110.5
S0099,2025-12,0.71,0.1,0.1
S0099,2026-01,0.71,0.1,0.1
S0099,2026-02,0.71,47.0,41.52
S0099,2026-03,0.54,228.8,159.25
S0099,2026-04,0.61,151.4,123.79
S0099,2026-05,0.71,63.0,64.0
S0099,2026-06,0.71,1.6,1.59
S0100,2024-07,1.83,57.3,44.1
S0100,2024-08,1.79,64.9,49.53
S0100,2024-09,2.12,57.8,57.74
S0100,2024-10,2.12,60.5,66.63
S0100,2024-11,2.12,55.2,54.39
S0100,2024-12,2.12,57.3,56.73
S0100,2025-01,1.75,59.4,45.97
S0100,2025-02,2.12,58.8,54.63
S0100,2025-03,1.91,73.8,63.0
S0100,2025-04,2.12,62.3,60.89
S0100,2025-05,2.12,62.0,59.37
S0100,2025-06,2.12,39.6,41.56
S0100,2025-07,2.12,47.0,45.39
S0100,2025-08,1.86,68.8,57.07
S0100,2025-09,2.12,73.6,69.55
S0100,2025-10,1.76,113.7,79.28
S0100,2025-11,1.87,75.8,63.73
S0100,2025-12,2.12,51.7,49.26
S0100,2026-01,2.12,55.9,56.89
S0100,2026-02,1.73,63.8,48.03
S0100,2026-03,2.12,63.0,61.73
S0100,2026-04,2.12,45.7,46.88
S0100,2026-05,2.12,58.6,59.27
S0100,2026-06,2.12,46.2,47.31
S0101,2024-07,2.42,28.0,30.21
S0101,2024-08,2.42,36.2,34.67
S0101,2024-09,2.42,37.8,38.78
S0101,2024-10,2.01,94.9,72.32
S0101,2024-11,2.42,63.8,61.68
S0101,2024-12,2.42,45.9,47.45
S0101,2025-01,2.42,22.0,21.39
S0101,2025-02,2.42,31.4,32.09
S0101,2025-03,1.83,70.7,44.2
S0101,2025-04,2.42,48.8,49.38
S0101,2025-05,2.42,41.6,41.18
S0101,2025-06,2.22,50.2,45.74
S0101,2025-07,2.42,51.9,51.51
S0101,2025-08,2.03,19.9,15.16
S0101,2025-09,2.42,48.7,49.79
S0101,2025-10,2.42,50.3,52.84
S0101,2025-11,2.42,45.5,46.45
S0101,2025-12,2.42,27.8,30.1
S0101,2026-01,2.42,35.8,35.31
S0101,2026-02,2.42,30.5,31.42
S0101,2026-03,2.13,35.4,28.44
S0101,2026-04,2.42,48.5,51.56
S0101,2026-05,1.94,80.0,57.85
S0101,2026-06,2.42,23.2,24.65
S0102,2024-07,6.52,23.2,17.86
S0102,2024-08,7.65,42.5,38.66
S0102,2024-09,7.65,12.4,10.84
S0102,2024-10,7.65,16.3,15.14
S0102,2024-11,7.65,29.0,27.18
S0102,2024-12,7.65,29.6,28.02
S0102,2025-01,7.01,18.7,16.28
S0102,2025-02,6.46,28.0,21.47
S0102,2025-03,7.65,22.0,21.97
S0102,2025-04,7.65,29.6,29.61
S0102,2025-05,7.65,30.0,30.1
S0102,2025-06,7.65,20.6,21.28
S0102,2025-07,7.65,16.5,15.94
S0102,2025-08,6.12,31.4,20.95
S0102,2025-09,7.65,32.4,32.34
S0102,2025-10,7.09,38.0,37.37
S0102,2025-11,7.65,30.5,32.75
S0102,2025-12,7.65,20.2,21.82
S0102,2026-01,7.65,30.3,29.73
S0102,2026-02,7.65,23.3,23.27
S0102,2026-03,7.65,20.1,20.16
S0102,2026-04,6.98,24.1,22.1
S0102,2026-05,6.04,40.3,23.65
S0102,2026-06,7.65,17.5,18.76
S0103,2024-07,2.02,3.0,2.92
S0103,2024-08,2.02,5.4,5.27
S0103,2024-09,2.02,4.8,4.26
S0103,2024-10,2.02,1.7,1.69
S0103,2024-11,1.62,7.8,5.46
S0103,2024-12,1.9,2.9,2.64
S0103,2025-01,1.79,4.2,3.57
S0103,2025-02,2.02,3.6,3.44
S0103,2025-03,2.02,4.0,4.04
S0103,2025-04,1.7,6.5,4.76
S0103,2025-05,1.71,2.2,1.74
S0103,2025-06,1.7,2.3,1.71
S0103,2025-07,2.02,2.7,2.72
S0103,2025-08,2.02,2.7,2.56
S0103,2025-09,2.02,2.0,2.07
S0103,2025-10,2.02,3.9,4.2
S0103,2025-11,2.02,5.1,5.18
S0103,2025-12,2.02,3.2,3.01
S0103,2026-01,1.71,1.6,1.23
S0103,2026-02,1.55,0.2,0.1
S0103,2026-03,2.02,3.2,3.07
S0103,2026-04,2.02,4.3,4.17
S0103,2026-05,2.02,2.7,2.68
S0103,2026-06,1.69,5.3,3.87
S0104,2024-07,3.52,1.9,1.58
S0104,2024-08,3.72,1.7,1.77
S0104,2024-09,3.72,2.2,2.16
S0104,2024-10,3.19,3.0,2.32
S0104,2024-11,3.72,1.6,1.57
S0104,2024-12,3.72,0.7,0.72
S0104,2025-01,3.72,1.3,1.42
S0104,2025-02,3.72,1.9,1.86
S0104,2025-03,3.72,2.4,2.41
S0104,2025-04,3.72,2.2,2.22
S0104,2025-05,3.72,1.0,1.01
S0104,2025-06,3.72,2.0,2.06
S0104,2025-07,3.72,0.7,0.61
S0104,2025-08,3.72,0.9,0.82
S0104,2025-09,3.72,0.8,0.84
S0104,2025-10,3.72,0.9,0.85
S0104,2025-11,3.72,1.3,1.25
S0104,2025-12,3.43,3.3,2.66
S0104,2026-01,3.72,2.5,2.5
S0104,2026-02,3.72,2.0,1.91
S0104,2026-03,3.72,1.1,1.15
S0104,2026-04,3.72,1.9,1.91
S0104,2026-05,2.95,3.5,2.01
S0104,2026-06,3.72,1.5,1.44
S0105,2024-07,1.63,1793.0,1356.71
S0105,2024-08,1.92,614.2,628.59
S0105,2024-09,1.92,586.9,587.42
S0105,2024-10,1.5,1223.1,759.06
S0105,2024-11,1.75,943.8,827.94
S0105,2024-12,1.92,677.3,684.18
S0105,2025-01,1.92,756.1,701.79
S0105,2025-02,1.66,1116.5,855.69
S0105,2025-03,1.92,480.0,486.87
S0105,2025-04,1.92,1449.3,1330.1
S0105,2025-05,1.51,1142.1,673.7
S0105,2025-06,1.81,598.4,550.12
S0105,2025-07,1.67,1146.0,825.05
S0105,2025-08,1.92,1055.2,966.14
S0105,2025-09,1.68,528.6,424.69
S0105,2025-10,1.56,951.1,643.6
S0105,2025-11,1.92,1189.2,1207.37
S0105,2025-12,1.92,855.8,843.19
S0105,2026-01,1.92,614.1,601.02
S0105,2026-02,1.92,168.6,184.94
S0105,2026-03,1.54,1101.5,654.92
S0105,2026-04,1.92,453.9,477.88
S0105,2026-05,1.51,696.4,414.9
S0105,2026-06,1.64,1230.5,888.82
S0106,2024-07,1.52,3.3,3.22
S0106,2024-08,1.26,4.7,3.56
S0106,2024-09,1.21,5.7,3.91
S0106,2024-10,1.52,4.4,4.57
S0106,2024-11,1.52,3.7,3.81
S0106,2024-12,1.52,4.2,4.21
S0106,2025-01,1.18,3.6,2.41
S0106,2025-02,1.52,3.5,3.63
S0106,2025-03,1.52,4.1,4.26
S0106,2025-04,1.52,4.4,4.42
S0106,2025-05,1.52,4.2,4.3
S0106,2025-06,1.52,3.5,3.35
S0106,2025-07,1.17,5.1,2.96
S0106,2025-08,1.52,4.0,3.85
S0106,2025-09,1.52,3.8,4.0
S0106,2025-10,1.35,5.6,4.42
S0106,2025-11,1.52,4.3,4.26
S0106,2025-12,1.52,3.3,3.27
S0106,2026-01,1.52,2.5,2.93
S0106,2026-02,1.52,3.3,3.3
S0106,2026-03,1.52,4.0,3.94
S0106,2026-04,1.52,4.9,4.94
S0106,2026-05,1.52,4.7,4.66
S0106,2026-06,1.52,3.8,3.82
S0107,2024-07,1.38,27.4,27.92
S0107,2024-08,1.05,44.1,26.2
S0107,2024-09,1.38,36.3,37.66
S0107,2024-10,1.38,30.5,31.64
S0107,2024-11,1.38,64.2,61.53
S0107,2024-12,1.38,20.4,19.45
S0107,2025-01,1.38,20.4,20.99
S0107,2025-02,1.38,29.6,29.56
S0107,2025-03,1.38,39.2,40.26
S0107,2025-04,1.38,37.7,36.59
S0107,2025-05,1.29,33.8,28.67
S0107,2025-06,1.38,14.0,15.31
S0107,2025-07,1.38,42.1,41.58
S0107,2025-08,1.1,64.8,40.07
S0107,2025-09,1.38,54.4,52.45
S0107,2025-10,1.05,51.0,27.52
S0107,2025-11,1.38,36.5,37.11
S0107,2025-12,1.38,32.1,30.13
S0107,2026-01,1.38,18.6,17.64
S0107,2026-02,1.21,34.5,30.23
S0107,2026-03,1.2,48.9,35.25
S0107,2026-04,1.38,63.7,65.13
S0107,2026-05,1.07,24.3,14.73
S0107,2026-06,1.3,29.1,23.38
S0108,2024-07,0.64,6.3,5.58
S0108,2024-08,0.7,5.9,5.75
S0108,2024-09,0.7,7.3,7.79
S0108,2024-10,0.7,9.0,8.39
S0108,2024-11,0.7,7.6,8.14
S0108,2024-12,0.65,7.9,7.32
S0108,2025-01,0.62,6.9,6.37
S0108,2025-02,0.7,6.2,6.48
S0108,2025-03,0.7,7.1,7.1
S0108,2025-04,0.7,9.3,9.45
S0108,2025-05,0.7,7.6,7.82
S0108,2025-06,0.7,6.2,6.62
S0108,2025-07,0.7,5.8,5.51
S0108,2025-08,0.7,7.4,7.43
S0108,2025-09,0.7,8.9,9.09
S0108,2025-10,0.7,9.8,9.67
S0108,2025-11,0.7,8.1,8.73
S0108,2025-12,0.7,7.5,7.21
S0108,2026-01,0.66,7.5,7.2
S0108,2026-02,0.7,7.2,6.61
S0108,2026-03,0.64,8.2,7.32
S0108,2026-04,0.7,7.8,7.74
S0108,2026-05,0.7,7.1,6.78
S0108,2026-06,0.7,7.7,7.53
S0109,2024-07,1.09,47.9,50.31
S0109,2024-08,1.09,76.4,78.94
S0109,2024-09,1.0,98.1,83.46
S0109,2024-10,0.94,177.3,119.29
S0109,2024-11,1.09,85.9,94.37
S0109,2024-12,1.0,114.8,97.79
S0109,2025-01,1.09,113.0,110.79
S0109,2025-02,1.09,98.7,101.06
S0109,2025-03,1.09,99.9,106.71
S0109,2025-04,1.09,92.2,96.03
S0109,2025-05,1.09,107.3,100.8
S0109,2025-06,0.97,87.5,75.59
S0109,2025-07,1.09,63.7,65.73
S0109,2025-08,1.09,72.5,72.75
S0109,2025-09,1.09,101.0,99.16
S0109,2025-10,1.09,110.3,120.1
S0109,2025-11,1.09,85.4,88.93
S0109,2025-12,0.97,109.0,96.45
S0109,2026-01,1.09,92.4,83.3
S0109,2026-02,1.09,80.4,79.02
S0109,2026-03,1.09,122.1,119.17
S0109,2026-04,1.09,107.4,111.97
S0109,2026-05,1.09,111.3,110.12
S0109,2026-06,0.9,124.9,98.31
S0110,2024-07,5.89,268.7,245.25
S0110,2024-08,5.89,136.7,133.11
S0110,2024-09,5.89,72.8,74.5
S0110,2024-10,5.3,0.1,0.1
S0110,2024-11,5.89,96.6,96.36
S0110,2024-12,5.89,128.5,134.16
S0110,2025-01,4.75,341.8,217.03
S0110,2025-02,5.89,158.5,152.75
S0110,2025-03,5.89,224.0,253.96
S0110,2025-04,5.89,251.0,245.53
S0110,2025-05,5.89,167.8,166.94
S0110,2025-06,5.89,65.5,67.13
S0110,2025-07,5.89,38.0,39.09
S0110,2025-08,5.89,110.6,108.77
S0110,2025-09,5.89,60.3,57.44
S0110,2025-10,4.87,271.9,175.32
S0110,2025-11,5.89,141.6,140.27
S0110,2025-12,5.89,139.5,134.84
S0110,2026-01,5.03,47.0,35.3
S0110,2026-02,5.39,299.8,232.74
S0110,2026-03,5.89,226.0,225.14
S0110,2026-04,5.89,253.5,267.76
S0110,2026-05,5.89,36.4,38.81
S0110,2026-06,4.59,258.6,154.6
S0111,2024-07,1.72,4.4,3.26
S0111,2024-08,2.11,3.0,2.94
S0111,2024-09,2.11,6.1,5.7
S0111,2024-10,2.11,4.9,4.96
S0111,2024-11,1.63,8.1,5.29
S0111,2024-12,2.11,4.1,4.29
S0111,2025-01,2.11,3.0,3.14
S0111,2025-02,2.11,3.3,3.29
S0111,2025-03,2.11,5.3,5.18
S0111,2025-04,2.11,6.0,5.92
S0111,2025-05,2.11,4.0,4.09
S0111,2025-06,2.11,4.9,4.86
S0111,2025-07,2.11,2.9,2.83
S0111,2025-08,2.11,2.8,2.76
S0111,2025-09,2.11,4.4,4.3
S0111,2025-10,2.11,5.3,5.25
S0111,2025-11,2.11,1.8,1.83
S0111,2025-12,1.86,2.5,1.98
S0111,2026-01,2.11,3.3,3.46
S0111,2026-02,1.65,6.2,4.35
S0111,2026-03,2.11,5.2,5.12
S0111,2026-04,2.11,4.3,4.16
S0111,2026-05,2.11,2.9,3.03
S0111,2026-06,2.11,2.9,3.22
S0112,2024-07,127.0,25.2,24.62
S0112,2024-08,113.17,33.6,28.39
S0112,2024-09,127.0,20.4,20.85
S0112,2024-10,127.0,30.4,30.86
S0112,2024-11,127.0,25.7,26.55
S0112,2024-12,127.0,20.7,21.28
S0112,2025-01,127.0,24.7,25.02
S0112,2025-02,127.0,27.0,26.81
S0112,2025-03,127.0,28.7,27.25
S0112,2025-04,127.0,28.8,29.36
S0112,2025-05,127.0,25.8,24.4
S0112,2025-06,127.0,26.5,26.01
S0112,2025-07,127.0,24.0,25.42
S0112,2025-08,127.0,28.3,28.82
S0112,2025-09,127.0,35.4,33.17
S0112,2025-10,127.0,33.5,32.4
S0112,2025-11,112.18,38.8,31.78
S0112,2025-12,127.0,29.2,29.23
S0112,2026-01,127.0,27.7,29.28
S0112,2026-02,127.0,22.5,22.56
S0112,2026-03,127.0,30.3,27.23
S0112,2026-04,127.0,35.4,33.48
S0112,2026-05,127.0,26.1,28.11
S0112,2026-06,127.0,31.6,29.56
S0113,2024-07,0.91,39.8,41.51
S0113,2024-08,0.91,53.6,49.04
S0113,2024-09,0.91,86.5,84.68
S0113,2024-10,0.91,18.2,18.07
S0113,2024-11,0.8,31.1,24.89
S0113,2024-12,0.91,0.1,0.1
S0113,2025-01,0.76,60.5,48.01
S0113,2025-02,0.91,56.1,55.18
S0113,2025-03,0.77,97.3,74.86
S0113,2025-04,0.91,38.7,37.6
S0113,2025-05,0.91,77.9,74.86
S0113,2025-06,0.91,47.9,51.55
S0113,2025-07,0.82,41.5,36.15
S0113,2025-08,0.91,70.9,76.92
S0113,2025-09,0.72,82.9,55.0
S0113,2025-10,0.91,63.5,58.13
S0113,2025-11,0.91,30.7,34.65
S0113,2025-12,0.86,41.5,41.0
S0113,2026-01,0.91,69.0,70.58
S0113,2026-02,0.77,23.5,18.95
S0113,2026-03,0.84,84.2,73.39
S0113,2026-04,0.91,45.7,44.55
S0113,2026-05,0.91,67.2,67.83
S0113,2026-06,0.91,59.1,55.81
S0114,2024-07,5.53,15.8,15.25
S0114,2024-08,5.53,20.7,19.46
S0114,2024-09,5.53,15.8,16.05
S0114,2024-10,5.53,32.8,33.24
S0114,2024-11,5.53,26.4,25.35
S0114,2024-12,5.53,33.4,33.63
S0114,2025-01,4.96,23.8,20.37
S0114,2025-02,4.62,19.9,16.78
S0114,2025-03,5.53,33.4,31.95
S0114,2025-04,4.84,48.0,38.08
S0114,2025-05,5.53,41.8,40.64
S0114,2025-06,5.53,8.4,8.43
S0114,2025-07,5.53,22.9,22.25
S0114,2025-08,5.11,32.1,28.17
S0114,2025-09,4.34,27.8,19.6
S0114,2025-10,5.53,26.6,24.52
S0114,2025-11,4.44,52.8,37.33
S0114,2025-12,4.73,37.2,29.48
S0114,2026-01,5.53,24.2,24.43
S0114,2026-02,4.56,30.9,23.59
S0114,2026-03,5.53,22.5,23.01
S0114,2026-04,5.53,38.7,39.05
S0114,2026-05,5.53,31.5,32.23
S0114,2026-06,5.53,26.7,25.23
S0115,2024-07,4.84,0.1,0.1
S0115,2024-08,4.84,8.1,8.12
S0115,2024-09,4.84,15.9,15.59
S0115,2024-10,4.84,40.9,41.11
S0115,2024-11,3.72,51.1,27.97
S0115,2024-12,4.84,7.6,8.41
S0115,2025-01,4.42,14.1,11.74
S0115,2025-02,4.84,21.3,22.22
S0115,2025-03,4.09,0.1,0.1
S0115,2025-04,4.84,23.0,23.44
S0115,2025-05,4.84,13.2,13.61
S0115,2025-06,4.84,38.2,36.14
S0115,2025-07,4.84,19.9,20.0
S0115,2025-08,4.84,41.3,39.24
S0115,2025-09,4.84,18.1,19.9
S0115,2025-10,4.13,37.2,27.28
S0115,2025-11,4.84,17.7,17.88
S0115,2025-12,4.17,0.1,0.1
S0115,2026-01,4.84,21.2,21.85
S0115,2026-02,4.84,15.8,15.38
S0115,2026-03,3.68,12.4,6.31
S0115,2026-04,4.84,12.9,13.73
S0115,2026-05,4.25,19.7,14.73
S0115,2026-06,4.84,0.1,0.1
S0116,2024-07,5.14,37.9,33.5
S0116,2024-08,4.85,41.1,36.33
S0116,2024-09,5.14,45.2,42.31
S0116,2024-10,4.54,50.5,36.58
S0116,2024-11,5.14,43.2,44.79
S0116,2024-12,5.14,34.6,35.54
S0116,2025-01,5.14,33.6,32.07
S0116,2025-02,5.14,32.4,33.97
S0116,2025-03,5.14,31.5,33.56
S0116,2025-04,5.14,34.4,33.06
S0116,2025-05,4.65,46.2,36.14
S0116,2025-06,4.43,43.5,30.51
S0116,2025-07,5.14,30.3,28.82
S0116,2025-08,4.2,44.1,27.69
S0116,2025-09,4.13,55.8,31.59
S0116,2025-10,5.14,44.9,45.31
S0116,2025-11,5.14,29.2,29.21
S0116,2025-12,5.14,29.9,30.99
S0116,2026-01,5.14,15.6,17.36
S0116,2026-02,5.14,18.9,22.19
S0116,2026-03,5.14,30.7,30.55
S0116,2026-04,5.14,30.0,29.35
S0116,2026-05,5.14,29.0,29.24
S0116,2026-06,4.76,41.7,34.52
S0117,2024-07,4.72,23.1,22.61
S0117,2024-08,3.98,92.5,60.09
S0117,2024-09,4.32,77.0,66.32
S0117,2024-10,4.72,75.5,74.3
S0117,2024-11,4.72,56.4,56.68
S0117,2024-12,4.72,56.8,55.46
S0117,2025-01,4.72,0.1,0.1
S0117,2025-02,4.72,57.6,59.52
S0117,2025-03,4.72,54.7,53.88
S0117,2025-04,4.72,98.7,97.26
S0117,2025-05,4.72,84.3,83.02
S0117,2025-06,4.72,39.5,38.98
S0117,2025-07,4.72,80.7,81.18
S0117,2025-08,4.72,119.7,114.94
S0117,2025-09,4.72,54.1,60.21
S0117,2025-10,4.72,31.0,30.79
S0117,2025-11,4.72,60.3,59.54
S0117,2025-12,4.72,57.2,54.26
S0117,2026-01,4.72,71.1,75.27
S0117,2026-02,4.72,32.1,32.91
S0117,2026-03,4.14,56.9,44.44
S0117,2026-04,3.68,126.7,81.48
S0117,2026-05,4.39,43.1,35.73
S0117,2026-06,3.68,60.9,32.96
S0118,2024-07,3.59,3.4,2.18
S0118,2024-08,4.52,16.0,15.13
S0118,2024-09,4.0,18.6,15.43
S0118,2024-10,4.52,14.8,13.97
S0118,2024-11,4.52,3.5,3.43
S0118,2024-12,4.52,14.0,14.63
S0118,2025-01,4.26,7.4,6.8
S0118,2025-02,4.52,4.7,5.08
S0118,2025-03,4.52,14.4,15.25
S0118,2025-04,4.52,10.9,10.87
S0118,2025-05,4.52,5.8,5.88
S0118,2025-06,4.52,6.9,7.05
S0118,2025-07,4.52,12.2,11.89
S0118,2025-08,3.65,14.3,10.04
S0118,2025-09,4.52,17.1,16.49
S0118,2025-10,4.52,2.6,2.57
S0118,2025-11,4.52,11.5,11.94
S0118,2025-12,4.52,3.0,3.17
S0118,2026-01,3.51,8.1,5.2
S0118,2026-02,4.52,7.4,8.05
S0118,2026-03,4.15,3.1,2.74
S0118,2026-04,4.52,9.4,9.18
S0118,2026-05,4.01,10.4,8.48
S0118,2026-06,3.42,20.8,13.86
S0119,2024-07,1.32,110.1,114.1
S0119,2024-08,1.32,279.6,279.54
S0119,2024-09,1.21,261.7,224.27
S0119,2024-10,1.32,221.3,217.07
S0119,2024-11,1.15,213.5,172.15
S0119,2024-12,1.32,158.9,155.94
S0119,2025-01,1.11,258.0,180.19
S0119,2025-02,1.32,168.3,172.35
S0119,2025-03,1.32,217.1,224.8
S0119,2025-04,1.25,269.5,241.18
S0119,2025-05,1.32,200.4,199.62
S0119,2025-06,1.32,217.6,212.93
S0119,2025-07,1.32,188.4,193.2
S0119,2025-08,1.32,181.9,184.94
S0119,2025-09,1.32,203.2,186.64
S0119,2025-10,1.32,187.0,178.29
S0119,2025-11,1.2,154.9,137.44
S0119,2025-12,1.32,54.5,55.14
S0119,2026-01,1.32,167.1,157.72
S0119,2026-02,1.04,287.0,181.47
S0119,2026-03,1.32,136.6,139.05
S0119,2026-04,1.08,375.5,274.31
S0119,2026-05,1.32,175.7,169.56
S0119,2026-06,1.32,122.3,120.06
S0120,2024-07,3.16,31.7,26.66
S0120,2024-08,2.94,33.2,22.28
S0120,2024-09,3.45,26.7,26.48
S0120,2024-10,3.45,30.9,32.8
S0120,2024-11,2.65,44.0,26.16
S0120,2024-12,3.45,23.5,21.48
S0120,2025-01,3.45,17.3,17.77
S0120,2025-02,3.45,23.6,22.73
S0120,2025-03,3.45,24.8,24.14
S0120,2025-04,3.45,30.8,32.1
S0120,2025-05,3.45,24.6,23.62
S0120,2025-06,3.45,29.8,29.89
S0120,2025-07,3.45,19.5,19.31
S0120,2025-08,3.22,14.1,11.92
S0120,2025-09,3.45,18.3,19.53
S0120,2025-10,3.45,26.0,27.43
S0120,2025-11,2.87,35.6,21.24
S0120,2025-12,2.8,41.3,26.02
S0120,2026-01,3.45,14.1,13.25
S0120,2026-02,2.73,34.1,19.4
S0120,2026-03,3.45,21.7,20.93
S0120,2026-04,3.45,19.1,18.51
S0120,2026-05,3.45,21.8,22.73
S0120,2026-06,3.45,20.1,20.57
S0121,2024-07,0.97,2.8,1.98
S0121,2024-08,1.17,2.5,2.41
S0121,2024-09,0.96,3.7,2.5
S0121,2024-10,1.17,2.8,2.65
S0121,2024-11,1.08,2.7,2.06
S0121,2024-12,1.17,2.9,2.81
S0121,2025-01,1.17,1.8,1.68
S0121,2025-02,1.17,2.8,2.57
S0121,2025-03,1.17,2.4,2.4
S0121,2025-04,1.17,2.9,3.0
S0121,2025-05,1.08,2.8,2.42
S0121,2025-06,1.17,2.9,2.81
S0121,2025-07,0.98,3.8,2.75
S0121,2025-08,1.17,1.9,1.78
S0121,2025-09,1.17,3.6,3.83
S0121,2025-10,1.17,2.9,2.77
S0121,2025-11,1.17,1.7,1.54
S0121,2025-12,1.17,2.2,2.0
S0121,2026-01,1.05,2.4,1.75
S0121,2026-02,1.17,1.9,1.84
S0121,2026-03,1.05,2.7,2.24
S0121,2026-04,1.17,3.1,2.81
S0121,2026-05,0.94,4.5,2.99
S0121,2026-06,1.17,2.7,2.52
S0122,2024-07,1.92,16.0,16.26
S0122,2024-08,1.92,14.9,15.27
S0122,2024-09,1.92,18.0,18.53
S0122,2024-10,1.92,21.0,19.69
S0122,2024-11,1.59,33.6,21.69
S0122,2024-12,1.45,26.6,13.71
S0122,2025-01,1.76,23.3,17.83
S0122,2025-02,1.92,26.2,27.11
S0122,2025-03,1.92,21.8,23.38
S0122,2025-04,1.92,18.1,16.73
S0122,2025-05,1.92,3.8,4.22
S0122,2025-06,1.92,11.2,11.39
S0122,2025-07,1.92,0.1,0.1
S0122,2025-08,1.92,21.0,22.21
S0122,2025-09,1.92,22.4,22.06
S0122,2025-10,1.92,14.7,13.94
S0122,2025-11,1.46,47.2,25.2
S0122,2025-12,1.92,3.5,3.75
S0122,2026-01,1.92,3.8,4.09
S0122,2026-02,1.92,16.5,16.48
S0122,2026-03,1.92,18.2,17.69
S0122,2026-04,1.92,15.9,15.87
S0122,2026-05,1.92,7.1,7.67
S0122,2026-06,1.92,1.8,1.82
S0123,2024-07,0.89,4.1,4.34
S0123,2024-08,0.89,9.6,9.85
S0123,2024-09,0.89,9.8,9.75
S0123,2024-10,0.84,8.8,7.2
S0123,2024-11,0.71,13.3,9.1
S0123,2024-12,0.89,12.3,12.56
S0123,2025-01,0.75,2.9,2.31
S0123,2025-02,0.89,5.5,5.39
S0123,2025-03,0.84,6.1,5.6
S0123,2025-04,0.89,9.5,9.42
S0123,2025-05,0.89,4.1,4.11
S0123,2025-06,0.78,8.6,6.38
S0123,2025-07,0.89,7.0,6.2
S0123,2025-08,0.89,5.5,5.3
S0123,2025-09,0.75,11.1,8.23
S0123,2025-10,0.89,7.2,7.37
S0123,2025-11,0.73,8.2,5.88
S0123,2025-12,0.74,5.5,4.19
S0123,2026-01,0.89,0.6,0.53
S0123,2026-02,0.89,4.7,4.59
S0123,2026-03,0.89,9.5,9.54
S0123,2026-04,0.67,8.3,5.07
S0123,2026-05,0.89,10.5,10.19
S0123,2026-06,0.89,3.3,3.34
S0124,2024-07,2.32,43.3,41.33
S0124,2024-08,2.32,68.0,72.21
S0124,2024-09,2.32,101.1,98.12
S0124,2024-10,2.32,85.0,79.87
S0124,2024-11,2.32,88.2,90.84
S0124,2024-12,2.32,82.9,90.65
S0124,2025-01,2.32,40.9,39.53
S0124,2025-02,2.32,88.0,83.38
S0124,2025-03,1.79,119.4,77.57
S0124,2025-04,2.32,105.3,109.35
S0124,2025-05,2.32,128.8,116.56
S0124,2025-06,2.14,97.5,81.2
S0124,2025-07,2.32,52.2,55.27
S0124,2025-08,2.32,99.1,95.04
S0124,2025-09,1.78,119.9,74.25
S0124,2025-10,2.32,117.2,105.53
S0124,2025-11,1.91,112.5,82.88
S0124,2025-12,2.32,44.6,44.92
S0124,2026-01,2.32,99.7,94.27
S0124,2026-02,2.32,70.7,66.14
S0124,2026-03,1.77,111.7,73.24
S0124,2026-04,2.32,107.0,103.77
S0124,2026-05,1.76,156.9,109.67
S0124,2026-06,2.32,78.5,78.58
S0125,2024-07,9.6,3.5,3.41
S0125,2024-08,9.6,4.8,4.84
S0125,2024-09,7.96,8.8,6.3
S0125,2024-10,9.6,8.9,9.17
S0125,2024-11,9.6,12.1,10.84
S0125,2024-12,9.6,1.4,1.43
S0125,2025-01,8.83,2.3,1.92
S0125,2025-02,9.6,5.3,5.34
S0125,2025-03,9.6,2.5,2.68
S0125,2025-04,7.57,13.5,7.88
S0125,2025-05,9.6,0.1,0.1
S0125,2025-06,9.6,3.1,3.05
S0125,2025-07,8.57,1.1,0.86
S0125,2025-08,9.6,0.1,0.1
S0125,2025-09,9.6,4.7,4.98
S0125,2025-10,9.6,2.9,2.68
S0125,2025-11,9.6,4.8,5.11
S0125,2025-12,9.6,7.3,7.08
S0125,2026-01,8.69,0.1,0.1
S0125,2026-02,9.6,4.7,4.57
S0125,2026-03,9.05,0.1,0.1
S0125,2026-04,9.6,1.6,1.7
S0125,2026-05,9.6,0.1,0.1
S0125,2026-06,9.6,2.5,2.48
S0126,2024-07,278.12,4.9,4.57
S0126,2024-08,278.12,4.6,4.64
S0126,2024-09,278.12,5.7,5.61
S0126,2024-10,278.12,6.0,6.13
S0126,2024-11,278.12,5.6,5.94
S0126,2024-12,278.12,5.3,5.34
S0126,2025-01,278.12,3.9,4.15
S0126,2025-02,236.24,7.2,5.28
S0126,2025-03,236.79,6.3,5.15
S0126,2025-04,232.87,7.2,5.73
S0126,2025-05,278.12,5.1,5.23
S0126,2025-06,278.12,5.0,4.88
S0126,2025-07,278.12,4.7,4.49
S0126,2025-08,278.12,5.0,4.97
S0126,2025-09,278.12,5.6,5.37
S0126,2025-10,278.12,5.9,5.62
S0126,2025-11,241.27,6.7,5.45
S0126,2025-12,229.05,6.4,4.7
S0126,2026-01,278.12,4.9,4.77
S0126,2026-02,278.12,4.5,4.35
S0126,2026-03,278.12,4.7,4.81
S0126,2026-04,278.12,5.4,5.45
S0126,2026-05,278.12,5.4,5.48
S0126,2026-06,278.12,4.7,4.54
S0127,2024-07,6.1,65.6,41.45
S0127,2024-08,6.12,70.4,47.11
S0127,2024-09,6.44,58.2,45.25
S0127,2024-10,7.28,61.2,50.25
S0127,2024-11,7.87,52.0,49.14
S0127,2024-12,7.87,40.3,41.82
S0127,2025-01,7.87,37.7,40.35
S0127,2025-02,7.87,44.4,42.0
S0127,2025-03,7.87,49.6,47.84
S0127,2025-04,7.87,51.4,50.83
S0127,2025-05,7.87,48.2,48.94
S0127,2025-06,7.87,44.1,46.12
S0127,2025-07,7.87,36.2,38.22
S0127,2025-08,7.18,42.9,39.67
S0127,2025-09,7.08,59.2,49.07
S0127,2025-10,7.87,53.4,51.86
S0127,2025-11,7.87,38.6,42.9
S0127,2025-12,7.87,40.6,39.8
S0127,2026-01,7.87,35.0,35.99
S0127,2026-02,7.46,38.2,35.53
S0127,2026-03,7.87,51.8,47.96
S0127,2026-04,7.87,50.7,52.57
S0127,2026-05,7.87,46.0,47.31
S0127,2026-06,7.87,40.1,39.27
S0128,2024-07,10.62,53.4,49.72
S0128,2024-08,10.62,17.3,16.94
S0128,2024-09,10.62,32.6,33.66
S0128,2024-10,10.62,57.5,59.77
S0128,2024-11,10.62,60.4,57.81
S0128,2024-12,10.62,19.2,20.68
S0128,2025-01,10.62,24.5,24.67
S0128,2025-02,10.62,67.3,62.95
S0128,2025-03,10.62,25.3,25.33
S0128,2025-04,9.65,34.8,29.41
S0128,2025-05,8.14,80.6,49.36
S0128,2025-06,10.62,37.7,39.39
S0128,2025-07,10.62,26.9,27.97
S0128,2025-08,10.62,39.8,40.54
S0128,2025-09,10.62,24.9,25.65
S0128,2025-10,9.99,34.6,32.36
S0128,2025-11,10.62,43.6,43.91
S0128,2025-12,10.62,30.1,28.77
S0128,2026-01,10.62,30.4,30.27
S0128,2026-02,10.62,48.6,46.25
S0128,2026-03,10.62,40.6,38.03
S0128,2026-04,10.62,23.4,22.24
S0128,2026-05,10.62,38.7,37.35
S0128,2026-06,10.62,39.5,38.8
S0129,2024-07,187.37,16.3,16.95
S0129,2024-08,142.68,19.1,12.44
S0129,2024-09,162.9,14.2,11.4
S0129,2024-10,151.86,13.5,10.77
S0129,2024-11,187.37,10.3,11.22
S0129,2024-12,187.37,10.5,10.87
S0129,2025-01,187.37,9.9,10.19
S0129,2025-02,187.37,8.9,9.71
S0129,2025-03,187.37,8.4,9.23
S0129,2025-04,168.41,21.0,18.15
S0129,2025-05,187.37,12.1,12.82
S0129,2025-06,169.22,2.7,2.39
S0129,2025-07,187.37,9.7,10.13
S0129,2025-08,187.37,4.5,4.4
S0129,2025-09,187.37,11.1,11.19
S0129,2025-10,187.37,11.0,11.6
S0129,2025-11,187.37,16.2,15.88
S0129,2025-12,187.37,11.7,12.55
S0129,2026-01,187.37,10.2,10.56
S0129,2026-02,187.37,7.3,8.09
S0129,2026-03,187.37,11.0,10.8
S0129,2026-04,187.37,1.2,1.21
S0129,2026-05,159.42,17.1,13.84
S0129,2026-06,187.37,13.4,12.46
S0130,2024-07,1.14,35.7,36.62
S0130,2024-08,1.03,49.0,40.56
S0130,2024-09,1.14,52.9,52.28
S0130,2024-10,1.14,39.5,43.55
S0130,2024-11,1.14,47.8,47.59
S0130,2024-12,1.14,47.0,44.73
S0130,2025-01,0.87,60.2,37.7
S0130,2025-02,1.14,33.6,35.78
S0130,2025-03,1.08,49.4,44.51
S0130,2025-04,1.14,43.4,46.63
S0130,2025-05,1.14,36.7,39.07
S0130,2025-06,1.14,37.1,38.09
S0130,2025-07,1.14,37.2,36.79
S0130,2025-08,1.14,19.2,20.1
S0130,2025-09,1.14,34.4,35.43
S0130,2025-10,1.14,35.4,39.29
S0130,2025-11,1.14,29.5,29.65
S0130,2025-12,1.14,36.3,31.14
S0130,2026-01,1.14,32.9,33.28
S0130,2026-02,1.14,38.5,38.96
S0130,2026-03,0.94,53.0,39.22
S0130,2026-04,1.14,31.3,33.47
S0130,2026-05,1.08,48.7,39.1
S0130,2026-06,1.14,40.7,37.42
S0131,2024-07,0.56,63.8,41.11
S0131,2024-08,0.66,7.1,7.59
S0131,2024-09,0.66,34.7,31.31
S0131,2024-10,0.55,56.1,37.92
S0131,2024-11,0.66,40.8,39.8
S0131,2024-12,0.66,45.9,47.72
S0131,2025-01,0.62,26.1,23.14
S0131,2025-02,0.66,31.3,29.93
S0131,2025-03,0.66,38.6,39.68
S0131,2025-04,0.5,109.5,57.14
S0131,2025-05,0.66,22.4,22.08
S0131,2025-06,0.66,14.2,13.65
S0131,2025-07,0.66,10.8,10.51
S0131,2025-08,0.66,36.8,37.12
S0131,2025-09,0.66,30.9,33.43
S0131,2025-10,0.51,49.9,28.56
S0131,2025-11,0.57,57.6,39.53
S0131,2025-12,0.66,25.0,27.18
S0131,2026-01,0.66,21.0,20.79
S0131,2026-02,0.66,33.0,29.93
S0131,2026-03,0.66,31.4,31.24
S0131,2026-04,0.66,20.5,20.96
S0131,2026-05,0.66,43.6,37.47
S0131,2026-06,0.66,6.1,6.6
S0132,2024-07,9.68,17.5,17.36
S0132,2024-08,9.68,19.1,19.66
S0132,2024-09,9.68,27.7,26.28
S0132,2024-10,9.68,25.4,25.32
S0132,2024-11,9.68,23.5,22.07
S0132,2024-12,9.68,20.3,19.83
S0132,2025-01,9.68,17.4,18.16
S0132,2025-02,7.69,19.7,15.22
S0132,2025-03,8.03,25.5,20.2
S0132,2025-04,9.68,27.0,25.08
S0132,2025-05,9.68,22.3,22.61
S0132,2025-06,9.68,22.4,21.34
S0132,2025-07,9.68,18.1,16.32
S0132,2025-08,7.36,36.8,23.52
S0132,2025-09,9.68,25.7,25.27
S0132,2025-10,9.68,22.9,21.95
S0132,2025-11,9.68,28.7,26.24
S0132,2025-12,8.65,24.8,21.18
S0132,2026-01,9.68,17.9,18.52
S0132,2026-02,9.68,19.7,19.29
S0132,2026-03,9.68,23.5,21.77
S0132,2026-04,9.68,26.0,25.27
S0132,2026-05,9.68,21.6,21.87
S0132,2026-06,7.68,25.0,18.47
S0133,2024-07,11.92,17.5,18.57
S0133,2024-08,11.92,21.5,22.61
S0133,2024-09,11.92,19.7,19.63
S0133,2024-10,11.92,24.9,24.12
S0133,2024-11,9.3,34.5,22.96
S0133,2024-12,11.92,18.9,18.89
S0133,2025-01,11.92,13.5,13.73
S0133,2025-02,9.56,28.5,20.24
S0133,2025-03,10.92,21.8,17.64
S0133,2025-04,11.92,18.9,18.7
S0133,2025-05,11.92,18.9,18.54
S0133,2025-06,11.92,16.7,17.28
S0133,2025-07,11.92,13.5,14.06
S0133,2025-08,9.56,22.1,15.3
S0133,2025-09,11.92,16.0,17.39
S0133,2025-10,11.92,24.3,24.5
S0133,2025-11,11.92,15.2,15.91
S0133,2025-12,11.92,19.8,20.0
S0133,2026-01,11.92,9.4,9.7
S0133,2026-02,11.92,20.6,20.08
S0133,2026-03,11.92,16.0,17.05
S0133,2026-04,11.92,24.2,24.67
S0133,2026-05,11.92,17.7,16.85
S0133,2026-06,11.92,10.1,10.41
S0134,2024-07,6.95,9.1,9.08
S0134,2024-08,6.95,8.8,9.01
S0134,2024-09,5.3,20.6,12.37
S0134,2024-10,6.95,13.6,13.74
S0134,2024-11,6.95,12.3,13.24
S0134,2024-12,6.08,11.4,8.56
S0134,2025-01,6.95,6.4,6.74
S0134,2025-02,6.95,10.2,10.76
S0134,2025-03,5.5,14.6,10.21
S0134,2025-04,6.95,9.4,9.11
S0134,2025-05,5.41,11.2,7.17
S0134,2025-06,6.38,10.1,7.9
S0134,2025-07,6.95,7.8,7.26
S0134,2025-08,6.95,11.5,11.12
S0134,2025-09,6.95,10.9,11.12
S0134,2025-10,6.95,10.3,10.34
S0134,2025-11,6.95,9.2,9.6
S0134,2025-12,5.88,10.1,7.11
S0134,2026-01,5.85,8.6,6.17
S0134,2026-02,6.95,8.7,9.0
S0134,2026-03,6.95,9.2,9.1
S0134,2026-04,6.95,13.8,13.24
S0134,2026-05,6.95,10.7,10.21
S0134,2026-06,6.27,12.1,9.74
S0135,2024-07,1.13,3.3,1.91
S0135,2024-08,1.42,2.7,2.53
S0135,2024-09,1.5,3.2,3.43
S0135,2024-10,1.5,3.3,3.38
S0135,2024-11,1.5,2.4,2.23
S0135,2024-12,1.5,2.6,2.45
S0135,2025-01,1.5,2.1,2.08
S0135,2025-02,1.5,2.5,2.49
S0135,2025-03,1.5,2.8,2.85
S0135,2025-04,1.5,2.6,2.63
S0135,2025-05,1.5,3.5,3.3
S0135,2025-06,1.5,2.4,2.47
S0135,2025-07,1.5,1.9,1.89
S0135,2025-08,1.5,2.4,2.43
S0135,2025-09,1.32,2.9,2.38
S0135,2025-10,1.5,2.9,2.96
S0135,2025-11,1.5,3.1,3.13
S0135,2025-12,1.13,3.3,2.04
S0135,2026-01,1.5,1.7,1.87
S0135,2026-02,1.5,2.7,2.5
S0135,2026-03,1.5,3.2,3.35
S0135,2026-04,1.5,2.7,2.66
S0135,2026-05,1.5,3.0,2.94
S0135,2026-06,1.5,2.7,2.52
S0136,2024-07,28.27,22.4,19.27
S0136,2024-08,33.13,14.5,13.66
S0136,2024-09,30.94,30.4,23.56
S0136,2024-10,33.13,17.1,17.0
S0136,2024-11,33.13,5.5,5.76
S0136,2024-12,33.13,0.1,0.1
S0136,2025-01,33.13,33.0,30.74
S0136,2025-02,33.13,15.3,15.31
S0136,2025-03,30.62,46.9,41.7
S0136,2025-04,33.13,11.8,11.84
S0136,2025-05,33.13,34.8,37.5
S0136,2025-06,27.97,49.5,38.76
S0136,2025-07,29.87,28.4,25.45
S0136,2025-08,33.13,12.9,12.38
S0136,2025-09,33.13,35.8,34.21
S0136,2025-10,30.89,15.0,13.64
S0136,2025-11,29.08,28.3,22.65
S0136,2025-12,33.13,19.5,19.7
S0136,2026-01,33.13,0.8,0.83
S0136,2026-02,33.13,18.9,18.35
S0136,2026-03,25.41,48.2,34.59
S0136,2026-04,29.38,30.2,26.2
S0136,2026-05,33.13,28.0,27.51
S0136,2026-06,33.13,9.7,8.4
S0137,2024-07,1.68,465.0,375.89
S0137,2024-08,1.89,310.1,332.64
S0137,2024-09,1.45,967.3,537.27
S0137,2024-10,1.89,69.3,69.53
S0137,2024-11,1.89,437.4,470.16
S0137,2024-12,1.89,362.2,370.67
S0137,2025-01,1.89,313.4,300.26
S0137,2025-02,1.89,173.8,180.57
S0137,2025-03,1.63,467.4,358.59
S0137,2025-04,1.62,522.0,383.53
S0137,2025-05,1.89,275.6,242.71
S0137,2025-06,1.89,446.7,415.37
S0137,2025-07,1.89,0.1,0.1
S0137,2025-08,1.89,373.7,373.62
S0137,2025-09,1.89,295.8,298.42
S0137,2025-10,1.62,235.2,162.09
S0137,2025-11,1.89,220.6,201.86
S0137,2025-12,1.74,495.7,414.58
S0137,2026-01,1.89,271.8,264.35
S0137,2026-02,1.89,89.7,96.02
S0137,2026-03,1.89,293.1,316.94
S0137,2026-04,1.65,382.5,276.22
S0137,2026-05,1.89,232.1,225.99
S0137,2026-06,1.89,181.4,187.92
S0138,2024-07,5.19,227.8,210.94
S0138,2024-08,5.19,237.1,241.56
S0138,2024-09,4.09,356.6,260.3
S0138,2024-10,5.19,311.2,303.53
S0138,2024-11,5.19,313.4,360.93
S0138,2024-12,4.48,338.7,261.84
S0138,2025-01,5.19,298.5,269.57
S0138,2025-02,4.1,392.3,286.6
S0138,2025-03,3.96,383.4,276.7
S0138,2025-04,5.19,296.1,284.85
S0138,2025-05,5.19,313.7,285.3
S0138,2025-06,4.02,388.3,281.24
S0138,2025-07,5.19,180.8,190.59
S0138,2025-08,5.19,288.2,288.45
S0138,2025-09,4.34,439.5,328.83
S0138,2025-10,5.19,410.8,405.67
S0138,2025-11,5.19,301.6,277.75
S0138,2025-12,5.19,222.2,203.25
S0138,2026-01,5.19,266.1,252.05
S0138,2026-02,5.19,234.4,227.31
S0138,2026-03,5.19,236.7,224.38
S0138,2026-04,5.19,236.6,231.13
S0138,2026-05,5.19,296.6,305.72
S0138,2026-06,5.19,241.8,248.95
S0139,2024-07,5.05,24.2,26.1
S0139,2024-08,4.35,35.5,31.61
S0139,2024-09,5.05,27.7,28.66
S0139,2024-10,5.05,49.4,47.4
S0139,2024-11,5.05,44.5,43.66
S0139,2024-12,5.05,39.5,36.39
S0139,2025-01,5.05,39.2,42.27
S0139,2025-02,4.47,42.0,34.4
S0139,2025-03,3.98,56.2,37.4
S0139,2025-04,5.05,59.6,60.33
S0139,2025-05,4.53,57.3,47.83
S0139,2025-06,5.05,39.3,38.88
S0139,2025-07,5.05,46.4,50.26
S0139,2025-08,5.05,29.1,28.8
S0139,2025-09,5.05,33.1,32.17
S0139,2025-10,4.75,44.8,41.93
S0139,2025-11,5.05,35.1,33.01
S0139,2025-12,4.37,40.6,33.98
S0139,2026-01,5.05,39.8,40.67
S0139,2026-02,5.05,34.8,32.83
S0139,2026-03,5.05,41.3,44.02
S0139,2026-04,5.05,48.3,54.72
S0139,2026-05,3.89,31.4,21.72
S0139,2026-06,5.05,34.9,35.22
S0140,2024-07,0.58,9.5,9.28
S0140,2024-08,0.49,19.2,12.43
S0140,2024-09,0.58,8.4,8.77
S0140,2024-10,0.51,18.9,14.13
S0140,2024-11,0.58,8.5,8.07
S0140,2024-12,0.44,18.6,10.42
S0140,2025-01,0.58,10.8,10.85
S0140,2025-02,0.51,14.6,11.04
S0140,2025-03,0.58,10.9,11.13
S0140,2025-04,0.58,9.4,10.12
S0140,2025-05,0.58,13.1,12.88
S0140,2025-06,0.58,6.2,6.43
S0140,2025-07,0.58,5.7,6.04
S0140,2025-08,0.53,15.0,11.44
S0140,2025-09,0.58,12.5,13.18
S0140,2025-10,0.58,10.8,11.32
S0140,2025-11,0.58,9.0,8.41
S0140,2025-12,0.51,9.2,7.41
S0140,2026-01,0.48,11.8,8.01
S0140,2026-02,0.58,9.7,10.41
S0140,2026-03,0.58,7.0,6.81
S0140,2026-04,0.58,16.5,16.47
S0140,2026-05,0.58,14.5,13.08
S0140,2026-06,0.58,10.3,10.92
S0141,2024-07,1.03,40.1,24.51
S0141,2024-08,1.27,5.8,6.06
S0141,2024-09,1.27,3.3,3.55
S0141,2024-10,1.18,5.4,4.78
S0141,2024-11,1.27,20.5,20.84
S0141,2024-12,1.27,11.1,11.1
S0141,2025-01,1.27,13.8,12.97
S0141,2025-02,1.27,24.4,23.66
S0141,2025-03,1.27,9.6,10.2
S0141,2025-04,1.27,15.3,16.23
S0141,2025-05,1.27,6.1,6.48
S0141,2025-06,1.27,5.9,6.1
S0141,2025-07,0.97,16.2,8.59
S0141,2025-08,1.27,2.7,2.79
S0141,2025-09,1.27,11.9,12.19
S0141,2025-10,1.27,15.4,16.75
S0141,2025-11,1.27,22.8,22.25
S0141,2025-12,1.27,8.0,8.16
S0141,2026-01,0.99,17.7,10.37
S0141,2026-02,1.27,31.7,30.33
S0141,2026-03,1.27,0.1,0.1
S0141,2026-04,1.27,2.6,2.65
S0141,2026-05,1.27,7.5,7.06
S0141,2026-06,1.27,4.0,3.69
S0142,2024-07,21.81,14.4,13.79
S0142,2024-08,21.81,27.0,25.34
S0142,2024-09,21.81,14.4,15.7
S0142,2024-10,21.81,24.1,24.79
S0142,2024-11,21.81,26.0,27.52
S0142,2024-12,21.81,13.4,13.35
S0142,2025-01,21.81,12.7,11.82
S0142,2025-02,17.42,29.6,22.42
S0142,2025-03,21.81,27.7,26.15
S0142,2025-04,20.21,18.6,16.89
S0142,2025-05,21.81,20.0,20.04
S0142,2025-06,21.81,17.5,18.0
S0142,2025-07,21.81,6.3,6.31
S0142,2025-08,20.43,25.5,22.71
S0142,2025-09,21.81,26.4,26.91
S0142,2025-10,21.81,23.1,24.28
S0142,2025-11,20.13,20.5,18.36
S0142,2025-12,21.81,12.3,11.88
S0142,2026-01,21.81,15.2,15.23
S0142,2026-02,21.81,19.4,21.47
S0142,2026-03,21.81,20.5,19.19
S0142,2026-04,16.48,36.7,22.07
S0142,2026-05,21.81,13.6,14.06
S0142,2026-06,19.38,13.7,10.91
S0143,2024-07,13.92,17.9,16.08
S0143,2024-08,15.03,19.5,20.51
S0143,2024-09,12.67,20.9,14.29
S0143,2024-10,14.2,15.2,14.04
S0143,2024-11,13.27,22.0,18.92
S0143,2024-12,13.53,15.0,13.91
S0143,2025-01,15.03,13.8,13.79
S0143,2025-02,15.03,8.6,9.24
S0143,2025-03,15.03,4.3,4.12
S0143,2025-04,15.03,9.9,9.84
S0143,2025-05,15.03,14.3,15.37
S0143,2025-06,15.03,7.4,7.02
S0143,2025-07,15.03,14.5,13.69
S0143,2025-08,15.03,22.1,21.68
S0143,2025-09,15.03,6.1,6.09
S0143,2025-10,15.03,6.5,6.53
S0143,2025-11,15.03,13.0,13.7
S0143,2025-12,15.03,10.2,10.61
S0143,2026-01,15.03,9.3,9.03
S0143,2026-02,15.03,3.8,3.79
S0143,2026-03,15.03,8.8,8.21
S0143,2026-04,15.03,10.1,10.46
S0143,2026-05,11.34,14.1,9.02
S0143,2026-06,12.74,16.7,12.68
S0144,2024-07,10.14,7.9,4.56
S0144,2024-08,13.39,5.2,4.98
S0144,2024-09,13.39,5.8,5.7
S0144,2024-10,13.39,5.2,5.36
S0144,2024-11,13.39,5.5,5.34
S0144,2024-12,12.68,4.5,4.19
S0144,2025-01,13.39,2.2,2.37
S0144,2025-02,13.39,3.2,3.19
S0144,2025-03,11.78,5.0,4.0
S0144,2025-04,13.39,6.4,6.54
S0144,2025-05,10.21,10.3,6.0
S0144,2025-06,13.39,4.1,3.88
S0144,2025-07,13.39,2.5,2.79
S0144,2025-08,13.39,3.6,3.79
S0144,2025-09,13.39,5.6,5.22
S0144,2025-10,13.39,3.0,3.06
S0144,2025-11,13.39,5.6,5.11
S0144,2025-12,13.39,3.2,3.19
S0144,2026-01,11.69,6.5,5.21
S0144,2026-02,13.39,5.3,5.09
S0144,2026-03,13.39,5.6,5.49
S0144,2026-04,13.39,7.5,7.37
S0144,2026-05,13.39,3.7,3.72
S0144,2026-06,13.39,4.5,3.87
S0145,2024-07,1.54,0.1,0.1
S0145,2024-08,1.68,5.5,4.46
S0145,2024-09,1.42,17.4,9.93
S0145,2024-10,1.47,20.6,13.09
S0145,2024-11,1.83,6.1,5.91
S0145,2024-12,1.83,4.0,3.86
S0145,2025-01,1.83,17.4,16.43
S0145,2025-02,1.38,20.3,12.13
S0145,2025-03,1.83,13.2,13.3
S0145,2025-04,1.83,7.5,7.11
S0145,2025-05,1.38,21.6,12.71
S0145,2025-06,1.83,12.4,12.24
S0145,2025-07,1.83,0.1,0.1
S0145,2025-08,1.83,17.4,17.65
S0145,2025-09,1.83,12.1,10.73
S0145,2025-10,1.83,11.9,11.12
S0145,2025-11,1.83,6.5,6.14
S0145,2025-12,1.83,10.5,10.83
S0145,2026-01,1.83,2.7,2.76
S0145,2026-02,1.83,3.0,2.87
S0145,2026-03,1.83,17.9,17.05
S0145,2026-04,1.83,6.8,6.51
S0145,2026-05,1.83,15.1,15.31
S0145,2026-06,1.71,4.6,3.78
S0146,2024-07,1.34,134.8,151.68
S0146,2024-08,1.15,128.3,103.97
S0146,2024-09,1.34,250.1,240.75
S0146,2024-10,1.34,102.5,97.67
S0146,2024-11,1.19,264.8,205.89
S0146,2024-12,1.34,208.9,205.25
S0146,2025-01,1.34,74.9,69.54
S0146,2025-02,1.34,216.9,213.47
S0146,2025-03,1.34,177.3,182.88
S0146,2025-04,1.02,180.0,124.67
S0146,2025-05,1.34,138.0,141.49
S0146,2025-06,1.34,141.3,148.97
S0146,2025-07,1.34,151.7,151.26
S0146,2025-08,1.34,19.3,18.34
S0146,2025-09,1.34,107.4,99.61
S0146,2025-10,1.2,234.3,193.25
S0146,2025-11,1.34,113.5,109.72
S0146,2025-12,1.34,41.5,42.43
S0146,2026-01,1.34,37.0,35.02
S0146,2026-02,1.34,171.1,167.9
S0146,2026-03,1.03,53.4,32.91
S0146,2026-04,1.34,155.7,145.51
S0146,2026-05,1.27,225.2,180.96
S0146,2026-06,1.03,188.6,126.49
S0147,2024-07,1.92,4.7,5.0
S0147,2024-08,1.92,14.3,12.7
S0147,2024-09,1.92,22.8,22.74
S0147,2024-10,1.92,10.3,10.58
S0147,2024-11,1.51,26.5,17.62
S0147,2024-12,1.92,8.7,8.86
S0147,2025-01,1.7,21.4,19.69
S0147,2025-02,1.92,19.4,18.19
S0147,2025-03,1.92,18.7,19.63
S0147,2025-04,1.7,16.8,13.22
S0147,2025-05,1.92,20.1,19.52
S0147,2025-06,1.92,6.0,6.37
S0147,2025-07,1.92,17.3,16.86
S0147,2025-08,1.92,11.2,11.22
S0147,2025-09,1.67,19.2,15.34
S0147,2025-10,1.92,16.7,15.38
S0147,2025-11,1.92,5.7,5.7
S0147,2025-12,1.46,39.4,23.33
S0147,2026-01,1.92,12.3,11.99
S0147,2026-02,1.92,23.7,26.36
S0147,2026-03,1.92,7.3,7.78
S0147,2026-04,1.53,32.8,21.95
S0147,2026-05,1.47,20.0,13.79
S0147,2026-06,1.92,5.7,5.89
S0148,2024-07,4.41,6.6,6.3
S0148,2024-08,4.41,47.3,43.89
S0148,2024-09,4.05,35.3,30.28
S0148,2024-10,4.41,19.4,20.51
S0148,2024-11,3.94,44.2,36.35
S0148,2024-12,4.41,24.5,26.42
S0148,2025-01,4.41,18.8,19.71
S0148,2025-02,4.04,64.4,54.48
S0148,2025-03,3.54,41.3,27.85
S0148,2025-04,3.81,60.1,45.0
S0148,2025-05,3.72,26.1,19.26
S0148,2025-06,3.47,5.5,3.53
S0148,2025-07,3.94,40.1,34.06
S0148,2025-08,3.46,26.0,16.09
S0148,2025-09,3.42,99.9,59.68
S0148,2025-10,4.41,27.1,30.14
S0148,2025-11,4.41,43.8,44.64
S0148,2025-12,4.07,31.8,27.57
S0148,2026-01,4.41,18.8,18.13
S0148,2026-02,4.41,51.0,56.31
S0148,2026-03,3.83,60.6,45.69
S0148,2026-04,4.41,23.7,23.05
S0148,2026-05,4.41,46.1,45.95
S0148,2026-06,4.11,51.7,48.6
S0149,2024-07,1.43,19.8,19.61
S0149,2024-08,1.3,25.8,22.5
S0149,2024-09,1.43,24.4,24.38
S0149,2024-10,1.11,31.4,21.72
S0149,2024-11,1.43,23.4,24.64
S0149,2024-12,1.31,21.9,18.68
S0149,2025-01,1.43,19.9,21.2
S0149,2025-02,1.43,10.6,10.64
S0149,2025-03,1.43,21.1,19.57
S0149,2025-04,1.43,23.8,23.95
S0149,2025-05,1.16,51.0,37.84
S0149,2025-06,1.19,49.1,34.68
S0149,2025-07,1.43,10.8,11.19
S0149,2025-08,1.43,21.6,21.57
S0149,2025-09,1.28,25.1,21.66
S0149,2025-10,1.43,29.4,28.71
S0149,2025-11,1.43,22.5,23.26
S0149,2025-12,1.24,29.1,23.15
S0149,2026-01,1.15,14.7,10.15
S0149,2026-02,1.43,18.1,17.2
S0149,2026-03,1.43,15.0,15.05
S0149,2026-04,1.25,28.8,21.91
S0149,2026-05,1.43,27.3,30.6
S0149,2026-06,1.43,32.1,32.31
S0150,2024-07,9.13,9.0,9.6
S0150,2024-08,9.13,12.1,12.68
S0150,2024-09,9.13,9.4,9.07
S0150,2024-10,9.13,15.3,15.57
S0150,2024-11,9.13,14.5,14.26
S0150,2024-12,9.13,8.8,8.96
S0150,2025-01,9.13,7.3,7.51
S0150,2025-02,9.13,10.8,10.61
S0150,2025-03,9.13,12.2,11.8
S0150,2025-04,9.13,12.0,12.02
S0150,2025-05,9.13,9.5,8.93
S0150,2025-06,9.13,8.6,9.55
S0150,2025-07,9.13,10.4,10.25
S0150,2025-08,9.13,11.4,11.88
S0150,2025-09,9.13,11.9,11.72
S0150,2025-10,9.13,10.3,10.05
S0150,2025-11,9.13,9.8,10.02
S0150,2025-12,9.13,6.3,6.25
S0150,2026-01,9.13,9.2,8.25
S0150,2026-02,7.58,15.9,10.59
S0150,2026-03,9.13,12.8,11.64
S0150,2026-04,6.99,13.4,8.61
S0150,2026-05,9.13,9.5,9.42
S0150,2026-06,9.13,5.9,6.08
S0151,2024-07,20.25,43.7,43.72
S0151,2024-08,20.25,51.5,51.08
S0151,2024-09,20.25,99.2,104.27
S0151,2024-10,20.25,93.5,89.7
S0151,2024-11,20.25,58.6,60.9
S0151,2024-12,20.25,61.9,59.78
S0151,2025-01,20.25,50.6,50.63
S0151,2025-02,20.25,75.4,70.76
S0151,2025-03,20.25,67.7,69.27
S0151,2025-04,20.25,76.6,75.03
S0151,2025-05,20.25,51.8,54.59
S0151,2025-06,20.25,31.5,31.81
S0151,2025-07,15.67,39.9,28.04
S0151,2025-08,20.25,52.6,52.36
S0151,2025-09,20.25,54.9,53.23
S0151,2025-10,20.25,59.5,61.59
S0151,2025-11,20.25,69.0,64.46
S0151,2025-12,20.25,56.5,58.52
S0151,2026-01,20.25,20.7,20.58
S0151,2026-02,20.25,68.6,65.44
S0151,2026-03,20.25,72.1,73.95
S0151,2026-04,18.87,75.2,64.46
S0151,2026-05,20.25,28.9,29.77
S0151,2026-06,20.25,47.5,52.47
S0152,2024-07,1.52,36.4,37.93
S0152,2024-08,1.52,26.5,24.88
S0152,2024-09,1.52,24.1,23.72
S0152,2024-10,1.52,26.2,28.28
S0152,2024-11,1.52,33.3,34.25
S0152,2024-12,1.52,19.5,19.21
S0152,2025-01,1.4,35.3,27.46
S0152,2025-02,1.52,14.3,15.1
S0152,2025-03,1.52,32.3,30.99
S0152,2025-04,1.52,37.7,40.99
S0152,2025-05,1.52,32.6,29.72
S0152,2025-06,1.52,19.6,19.67
S0152,2025-07,1.52,31.5,31.5
S0152,2025-08,1.52,0.1,0.1
S0152,2025-09,1.52,26.3,25.34
S0152,2025-10,1.52,30.3,31.04
S0152,2025-11,1.42,37.5,32.47
S0152,2025-12,1.52,15.9,17.22
S0152,2026-01,1.52,35.0,33.88
S0152,2026-02,1.52,31.8,30.65
S0152,2026-03,1.52,36.4,36.46
S0152,2026-04,1.15,0.2,0.1
S0152,2026-05,1.52,34.6,35.96
S0152,2026-06,1.21,46.8,31.78
S0153,2024-07,184.68,5.8,6.36
S0153,2024-08,184.68,8.7,8.45
S0153,2024-09,184.68,7.6,7.6
S0153,2024-10,168.2,11.6,10.01
S0153,2024-11,184.68,7.9,7.97
S0153,2024-12,184.68,5.7,5.22
S0153,2025-01,184.68,6.3,5.88
S0153,2025-02,184.68,6.4,6.34
S0153,2025-03,184.68,8.3,7.89
S0153,2025-04,184.68,8.9,9.27
S0153,2025-05,184.68,7.0,7.61
S0153,2025-06,184.68,5.1,5.02
S0153,2025-07,184.68,7.6,7.58
S0153,2025-08,184.68,6.9,6.96
S0153,2025-09,184.68,7.6,7.4
S0153,2025-10,184.68,9.0,8.42
S0153,2025-11,184.68,7.3,7.72
S0153,2025-12,184.68,6.4,6.29
S0153,2026-01,184.68,6.4,6.79
S0153,2026-02,184.68,6.1,6.5
S0153,2026-03,167.1,8.4,7.37
S0153,2026-04,184.68,7.7,8.44
S0153,2026-05,171.76,10.1,8.6
S0153,2026-06,184.68,7.0,7.22
S0154,2024-07,0.98,52.7,42.97
S0154,2024-08,0.88,99.7,65.65
S0154,2024-09,1.14,0.1,0.1
S0154,2024-10,1.07,53.1,51.65
S0154,2024-11,1.01,80.6,67.49
S0154,2024-12,1.14,69.1,66.49
S0154,2025-01,1.14,0.1,0.1
S0154,2025-02,1.14,18.6,18.35
S0154,2025-03,1.14,25.1,23.91
S0154,2025-04,1.14,29.5,29.24
S0154,2025-05,0.96,42.2,30.19
S0154,2025-06,1.14,40.0,39.85
S0154,2025-07,0.88,32.5,22.41
S0154,2025-08,1.14,33.6,33.73
S0154,2025-09,1.14,26.0,25.4
S0154,2025-10,1.14,51.1,49.29
S0154,2025-11,1.14,26.9,27.52
S0154,2025-12,1.14,23.1,23.61
S0154,2026-01,1.14,2.0,2.07
S0154,2026-02,1.14,25.0,24.39
S0154,2026-03,1.14,0.1,0.1
S0154,2026-04,1.14,23.8,25.45
S0154,2026-05,0.96,44.1,35.54
S0154,2026-06,0.98,28.1,22.14
S0155,2024-07,1.08,1.8,1.81
S0155,2024-08,1.01,4.7,3.55
S0155,2024-09,0.96,5.4,4.44
S0155,2024-10,1.08,8.1,8.31
S0155,2024-11,1.08,3.4,3.49
S0155,2024-12,1.08,9.7,9.66
S0155,2025-01,1.08,5.5,5.94
S0155,2025-02,1.08,5.3,5.11
S0155,2025-03,1.08,3.0,2.87
S0155,2025-04,1.08,11.9,11.96
S0155,2025-05,1.08,9.9,9.69
S0155,2025-06,1.08,7.3,7.53
S0155,2025-07,1.08,7.4,7.56
S0155,2025-08,0.88,8.9,5.84
S0155,2025-09,1.08,10.8,10.28
S0155,2025-10,1.08,9.9,9.14
S0155,2025-11,0.84,18.0,9.71
S0155,2025-12,1.08,11.2,11.12
S0155,2026-01,0.98,5.4,4.51
S0155,2026-02,1.03,7.3,6.92
S0155,2026-03,1.08,6.6,7.24
S0155,2026-04,1.08,5.9,6.52
S0155,2026-05,1.08,9.6,9.87
S0155,2026-06,1.08,7.9,7.19
S0156,2024-07,1.22,0.5,0.49
S0156,2024-08,1.22,3.7,4.08
S0156,2024-09,1.22,12.6,12.19
S0156,2024-10,1.22,6.0,5.83
S0156,2024-11,1.22,6.7,6.87
S0156,2024-12,1.22,5.7,5.52
S0156,2025-01,1.22,3.4,3.43
S0156,2025-02,0.96,9.6,5.96
S0156,2025-03,1.22,3.4,3.53
S0156,2025-04,1.22,0.5,0.54
S0156,2025-05,0.97,4.5,2.82
S0156,2025-06,1.13,0.1,0.1
S0156,2025-07,1.08,9.9,8.59
S0156,2025-08,1.22,2.1,1.96
S0156,2025-09,1.13,2.8,2.44
S0156,2025-10,1.22,5.7,5.6
S0156,2025-11,1.04,11.2,8.03
S0156,2025-12,1.22,7.0,6.54
S0156,2026-01,1.22,3.8,3.76
S0156,2026-02,1.01,2.3,1.58
S0156,2026-03,0.94,7.9,4.59
S0156,2026-04,1.22,7.4,7.58
S0156,2026-05,1.13,5.0,4.59
S0156,2026-06,1.22,4.4,4.65
S0157,2024-07,1.73,173.3,107.51
S0157,2024-08,2.29,123.5,127.68
S0157,2024-09,2.29,304.7,309.98
S0157,2024-10,2.29,166.0,172.77
S0157,2024-11,2.29,140.0,154.99
S0157,2024-12,2.29,203.7,217.75
S0157,2025-01,1.89,111.2,82.61
S0157,2025-02,2.29,279.6,271.69
S0157,2025-03,1.81,528.5,341.05
S0157,2025-04,2.29,323.2,325.92
S0157,2025-05,2.29,123.3,113.21
S0157,2025-06,2.15,201.6,175.72
S0157,2025-07,2.01,0.1,0.1
S0157,2025-08,2.13,150.9,136.13
S0157,2025-09,1.83,310.5,209.73
S0157,2025-10,2.07,110.3,85.24
S0157,2025-11,2.29,201.5,211.65
S0157,2025-12,1.78,531.4,317.39
S0157,2026-01,2.01,241.6,194.23
S0157,2026-02,1.86,200.8,144.84
S0157,2026-03,2.11,135.5,126.7
S0157,2026-04,2.29,174.5,172.98
S0157,2026-05,2.29,84.1,88.62
S0157,2026-06,2.29,45.6,43.43
S0158,2024-07,3.79,28.8,19.34
S0158,2024-08,4.21,0.1,0.1
S0158,2024-09,4.87,57.2,57.03
S0158,2024-10,4.87,137.3,129.23
S0158,2024-11,4.87,49.3,51.82
S0158,2024-12,3.67,2.5,1.8
S0158,2025-01,4.25,41.0,34.64
S0158,2025-02,4.87,40.5,39.8
S0158,2025-03,4.87,71.6,72.18
S0158,2025-04,4.87,46.6,48.24
S0158,2025-05,4.87,99.5,98.51
S0158,2025-06,3.87,73.4,58.41
S0158,2025-07,4.87,28.6,28.11
S0158,2025-08,3.69,36.8,27.43
S0158,2025-09,4.87,40.0,39.71
S0158,2025-10,4.87,77.5,73.98
S0158,2025-11,4.52,0.1,0.1
S0158,2025-12,4.22,72.5,59.23
S0158,2026-01,4.21,69.8,62.08
S0158,2026-02,4.87,57.9,57.1
S0158,2026-03,4.87,41.3,40.25
S0158,2026-04,4.62,29.0,24.82
S0158,2026-05,4.52,41.6,41.25
S0158,2026-06,4.87,48.7,51.9
S0159,2024-07,12.08,14.1,11.29
S0159,2024-08,11.28,19.3,15.27
S0159,2024-09,14.1,22.4,21.14
S0159,2024-10,14.1,23.6,23.63
S0159,2024-11,14.1,14.0,12.72
S0159,2024-12,14.1,14.9,14.31
S0159,2025-01,14.1,5.3,5.22
S0159,2025-02,14.1,20.1,21.11
S0159,2025-03,14.1,29.8,30.96
S0159,2025-04,14.1,25.6,26.03
S0159,2025-05,14.1,24.7,23.34
S0159,2025-06,12.19,20.3,17.36
S0159,2025-07,12.23,8.8,7.54
S0159,2025-08,14.1,11.0,11.89
S0159,2025-09,14.1,17.2,17.17
S0159,2025-10,14.1,12.3,12.29
S0159,2025-11,14.1,20.9,20.74
S0159,2025-12,14.1,10.2,10.42
S0159,2026-01,11.13,4.3,3.19
S0159,2026-02,14.1,12.1,11.62
S0159,2026-03,14.1,11.7,11.53
S0159,2026-04,14.1,11.5,11.54
S0159,2026-05,14.1,16.8,19.04
S0159,2026-06,14.1,14.6,15.25
S0160,2024-07,128.35,8.8,8.95
S0160,2024-08,136.88,12.6,11.92
S0160,2024-09,136.88,11.9,11.11
S0160,2024-10,136.88,10.3,11.0
S0160,2024-11,136.88,14.1,14.49
S0160,2024-12,136.88,5.6,5.25
S0160,2025-01,136.88,6.2,5.96
S0160,2025-02,136.88,8.2,8.59
S0160,2025-03,136.88,8.0,8.1
S0160,2025-04,136.88,7.7,8.08
S0160,2025-05,136.88,5.7,5.79
S0160,2025-06,136.88,9.1,8.81
S0160,2025-07,136.88,6.0,5.88
S0160,2025-08,136.88,9.1,8.76
S0160,2025-09,136.88,7.5,8.2
S0160,2025-10,110.89,11.8,9.87
S0160,2025-11,113.79,14.9,11.37
S0160,2025-12,136.88,1.9,1.88
S0160,2026-01,136.88,9.8,10.14
S0160,2026-02,136.88,5.5,5.24
S0160,2026-03,136.88,9.4,10.1
S0160,2026-04,136.88,13.0,12.11
S0160,2026-05,104.42,12.8,8.41
S0160,2026-06,136.88,11.1,10.39
S0161,2024-07,11.51,36.0,37.24
S0161,2024-08,11.51,50.7,47.54
S0161,2024-09,11.51,41.1,41.98
S0161,2024-10,11.51,42.8,44.69
S0161,2024-11,11.51,59.3,53.81
S0161,2024-12,11.51,41.2,41.74
S0161,2025-01,11.51,31.1,28.78
S0161,2025-02,9.59,51.9,35.85
S0161,2025-03,11.51,47.4,50.83
S0161,2025-04,10.16,66.2,54.04
S0161,2025-05,10.37,55.3,48.06
S0161,2025-06,11.51,43.3,43.92
S0161,2025-07,11.51,35.7,36.7
S0161,2025-08,11.51,32.9,28.13
S0161,2025-09,11.51,45.6,45.76
S0161,2025-10,9.07,76.5,49.39
S0161,2025-11,11.51,36.3,36.99
S0161,2025-12,11.51,37.0,35.75
S0161,2026-01,11.51,31.6,33.51
S0161,2026-02,8.89,56.6,41.08
S0161,2026-03,11.51,43.2,45.37
S0161,2026-04,10.41,52.6,40.68
S0161,2026-05,11.51,40.5,42.63
S0161,2026-06,11.51,38.3,37.22
S0162,2024-07,12.17,27.8,29.32
S0162,2024-08,12.17,45.3,43.66
S0162,2024-09,12.17,59.5,60.67
S0162,2024-10,12.17,31.6,31.75
S0162,2024-11,12.17,41.5,42.58
S0162,2024-12,12.17,23.4,24.37
S0162,2025-01,12.17,36.4,36.01
S0162,2025-02,12.17,44.7,41.95
S0162,2025-03,12.17,40.2,37.44
S0162,2025-04,11.36,54.1,45.4
S0162,2025-05,12.17,39.5,40.54
S0162,2025-06,12.17,32.1,33.49
S0162,2025-07,12.17,32.4,31.67
S0162,2025-08,9.99,55.6,37.37
S0162,2025-09,12.17,50.0,49.21
S0162,2025-10,12.17,44.2,46.23
S0162,2025-11,12.17,40.9,38.09
S0162,2025-12,12.17,25.8,26.63
S0162,2026-01,12.17,31.1,31.51
S0162,2026-02,9.3,71.4,42.1
S0162,2026-03,12.17,36.8,36.21
S0162,2026-04,9.4,50.0,31.73
S0162,2026-05,12.17,37.4,41.82
S0162,2026-06,12.17,5.6,5.69
S0163,2024-07,7.12,26.6,28.32
S0163,2024-08,7.12,75.3,75.01
S0163,2024-09,6.43,125.0,98.94
S0163,2024-10,7.12,108.3,103.47
S0163,2024-11,5.37,49.9,27.37
S0163,2024-12,5.48,150.8,87.65
S0163,2025-01,7.12,46.3,47.36
S0163,2025-02,7.12,58.7,57.56
S0163,2025-03,7.12,70.4,79.04
S0163,2025-04,7.12,86.0,82.07
S0163,2025-05,7.12,52.8,55.31
S0163,2025-06,7.12,61.0,59.27
S0163,2025-07,7.12,34.3,31.71
S0163,2025-08,7.12,0.1,0.1
S0163,2025-09,7.12,71.9,77.85
S0163,2025-10,7.12,76.4,74.89
S0163,2025-11,7.12,85.4,83.0
S0163,2025-12,7.12,81.1,77.72
S0163,2026-01,7.12,7.0,7.27
S0163,2026-02,7.12,38.8,38.82
S0163,2026-03,7.12,83.3,78.03
S0163,2026-04,7.12,37.8,40.74
S0163,2026-05,6.26,76.7,55.13
S0163,2026-06,7.12,94.4,98.66
S0164,2024-07,1.08,106.9,112.38
S0164,2024-08,0.86,148.4,94.35
S0164,2024-09,1.08,83.2,81.43
S0164,2024-10,1.08,110.7,102.91
S0164,2024-11,0.95,158.5,124.19
S0164,2024-12,1.08,126.3,127.41
S0164,2025-01,1.08,56.3,60.05
S0164,2025-02,1.02,68.7,65.11
S0164,2025-03,1.08,144.9,146.18
S0164,2025-04,1.08,68.0,70.84
S0164,2025-05,1.08,122.5,116.48
S0164,2025-06,0.93,168.3,140.0
S0164,2025-07,1.08,72.8,71.34
S0164,2025-08,1.08,121.4,125.83
S0164,2025-09,1.08,84.9,79.89
S0164,2025-10,1.08,121.1,113.88
S0164,2025-11,1.08,121.3,120.89
S0164,2025-12,1.08,106.8,103.71
S0164,2026-01,1.08,151.0,148.43
S0164,2026-02,1.08,184.9,166.03
S0164,2026-03,1.08,110.9,103.25
S0164,2026-04,1.08,113.4,113.26
S0164,2026-05,1.08,173.1,179.09
S0164,2026-06,0.83,69.3,44.4
S0165,2024-07,1.54,644.7,646.23
S0165,2024-08,1.54,803.5,738.84
S0165,2024-09,1.54,938.3,916.56
S0165,2024-10,1.19,1376.3,731.17
S0165,2024-11,1.54,1091.3,1006.06
S0165,2024-12,1.54,580.0,604.55
S0165,2025-01,1.54,734.5,694.88
S0165,2025-02,1.26,1145.6,736.08
S0165,2025-03,1.54,1196.6,1207.11
S0165,2025-04,1.54,982.1,998.1
S0165,2025-05,1.31,1052.9,754.23
S0165,2025-06,1.54,603.3,611.8
S0165,2025-07,1.54,537.5,550.98
S0165,2025-08,1.54,815.5,779.0
S0165,2025-09,1.54,626.8,674.49
S0165,2025-10,1.54,1092.9,1068.43
S0165,2025-11,1.28,1332.5,947.96
S0165,2025-12,1.54,530.1,503.95
S0165,2026-01,1.54,449.4,438.56
S0165,2026-02,1.41,604.7,544.47
S0165,2026-03,1.54,704.5,666.31
S0165,2026-04,1.54,764.8,766.49
S0165,2026-05,1.28,1098.3,820.04
S0165,2026-06,1.54,664.7,725.34
S0166,2024-07,22.79,45.4,39.72
S0166,2024-08,22.44,10.3,8.41
S0166,2024-09,25.77,33.4,33.87
S0166,2024-10,25.77,20.9,20.46
S0166,2024-11,25.77,24.3,22.86
S0166,2024-12,25.77,10.5,10.53
S0166,2025-01,25.77,22.6,22.81
S0166,2025-02,25.77,33.1,30.81
S0166,2025-03,25.77,36.9,37.49
S0166,2025-04,25.77,30.4,34.08
S0166,2025-05,25.77,35.3,36.65
S0166,2025-06,25.77,26.6,25.03
S0166,2025-07,25.77,20.8,21.67
S0166,2025-08,25.77,52.7,50.43
S0166,2025-09,25.77,24.7,22.95
S0166,2025-10,25.77,37.0,38.3
S0166,2025-11,21.16,34.1,27.61
S0166,2025-12,25.77,25.2,24.17
S0166,2026-01,25.77,23.7,23.75
S0166,2026-02,25.77,33.2,32.63
S0166,2026-03,20.63,46.9,36.53
S0166,2026-04,25.77,44.5,43.62
S0166,2026-05,22.5,55.7,50.13
S0166,2026-06,25.77,27.6,28.94
S0167,2024-07,0.86,5.1,4.97
S0167,2024-08,0.86,10.5,10.68
S0167,2024-09,0.86,16.9,17.1
S0167,2024-10,0.67,52.6,32.1
S0167,2024-11,0.74,26.2,18.37
S0167,2024-12,0.86,10.4,10.66
S0167,2025-01,0.86,15.3,15.14
S0167,2025-02,0.86,20.8,22.02
S0167,2025-03,0.86,16.0,15.51
S0167,2025-04,0.86,15.0,14.76
S0167,2025-05,0.81,24.8,20.29
S0167,2025-06,0.68,23.5,13.68
S0167,2025-07,0.86,5.0,5.16
S0167,2025-08,0.86,15.3,16.44
S0167,2025-09,0.77,11.8,9.17
S0167,2025-10,0.75,17.3,12.53
S0167,2025-11,0.86,8.1,7.43
S0167,2025-12,0.86,12.3,12.93
S0167,2026-01,0.86,3.3,3.4
S0167,2026-02,0.86,4.9,4.62
S0167,2026-03,0.86,19.3,19.61
S0167,2026-04,0.86,14.8,14.37
S0167,2026-05,0.86,13.5,13.41
S0167,2026-06,0.86,21.3,22.77
S0168,2024-07,35.39,7.0,7.09
S0168,2024-08,35.39,25.1,25.1
S0168,2024-09,30.56,34.3,26.57
S0168,2024-10,28.42,27.8,21.78
S0168,2024-11,35.39,24.0,26.37
S0168,2024-12,35.39,26.0,26.73
S0168,2025-01,35.39,20.1,19.9
S0168,2025-02,35.39,25.3,23.85
S0168,2025-03,33.04,42.6,36.85
S0168,2025-04,35.39,21.9,21.0
S0168,2025-05,35.39,13.8,13.98
S0168,2025-06,27.39,50.6,33.85
S0168,2025-07,31.5,19.9,16.6
S0168,2025-08,28.74,29.6,22.11
S0168,2025-09,28.77,22.7,17.33
S0168,2025-10,30.91,27.4,23.32
S0168,2025-11,35.39,28.0,27.34
S0168,2025-12,35.39,8.6,8.83
S0168,2026-01,35.39,17.3,16.98
S0168,2026-02,35.39,20.8,21.71
S0168,2026-03,35.39,20.5,20.26
S0168,2026-04,35.39,13.1,14.09
S0168,2026-05,26.81,55.2,34.81
S0168,2026-06,35.39,10.1,9.32
S0169,2024-07,3.39,11.5,12.08
S0169,2024-08,3.39,2.7,2.92
S0169,2024-09,3.39,7.4,7.52
S0169,2024-10,3.39,4.1,4.31
S0169,2024-11,3.39,9.5,8.62
S0169,2024-12,3.39,9.9,10.12
S0169,2025-01,3.39,1.8,1.92
S0169,2025-02,3.39,3.0,2.96
S0169,2025-03,3.39,5.2,5.12
S0169,2025-04,3.39,8.2,7.89
S0169,2025-05,2.84,10.3,7.0
S0169,2025-06,3.39,5.7,5.86
S0169,2025-07,3.39,6.7,6.55
S0169,2025-08,2.76,8.9,5.56
S0169,2025-09,3.39,8.3,8.18
S0169,2025-10,3.39,3.9,3.83
S0169,2025-11,2.9,11.8,8.75
S0169,2025-12,3.39,0.1,0.1
S0169,2026-01,2.76,6.1,3.96
S0169,2026-02,2.68,6.5,4.31
S0169,2026-03,3.2,4.6,4.38
S0169,2026-04,3.08,10.4,8.47
S0169,2026-05,2.79,22.1,13.25
S0169,2026-06,3.39,3.2,3.1
S0170,2024-07,6.89,31.5,28.2
S0170,2024-08,7.48,36.9,35.04
S0170,2024-09,7.48,46.8,47.33
S0170,2024-10,6.96,61.5,58.68
S0170,2024-11,7.48,37.5,35.23
S0170,2024-12,7.05,43.1,40.28
S0170,2025-01,7.48,33.9,31.88
S0170,2025-02,7.48,37.9,36.27
S0170,2025-03,6.06,61.5,46.43
S0170,2025-04,7.48,48.3,46.74
S0170,2025-05,7.48,50.8,48.66
S0170,2025-06,7.48,38.5,39.64
S0170,2025-07,7.48,33.1,31.94
S0170,2025-08,7.48,26.6,28.57
S0170,2025-09,7.48,26.0,29.14
S0170,2025-10,7.48,48.2,47.42
S0170,2025-11,7.48,33.3,34.79
S0170,2025-12,6.26,57.6,43.97
S0170,2026-01,7.48,36.4,33.99
S0170,2026-02,5.94,55.4,39.09
S0170,2026-03,6.41,59.1,46.62
S0170,2026-04,7.48,34.9,34.69
S0170,2026-05,7.48,40.3,44.03
S0170,2026-06,7.48,34.1,35.1
S0171,2024-07,1.79,6.5,6.87
S0171,2024-08,1.79,7.5,7.2
S0171,2024-09,1.79,7.8,8.32
S0171,2024-10,1.79,8.4,7.81
S0171,2024-11,1.79,5.9,5.96
S0171,2024-12,1.79,6.6,6.69
S0171,2025-01,1.69,4.8,5.0
S0171,2025-02,1.79,6.6,7.18
S0171,2025-03,1.79,10.0,9.38
S0171,2025-04,1.62,11.4,8.83
S0171,2025-05,1.79,6.2,6.4
S0171,2025-06,1.79,6.0,6.29
S0171,2025-07,1.42,6.7,4.33
S0171,2025-08,1.79,6.0,5.47
S0171,2025-09,1.79,5.7,6.05
S0171,2025-10,1.5,10.6,7.59
S0171,2025-11,1.44,10.4,6.49
S0171,2025-12,1.79,4.9,5.11
S0171,2026-01,1.79,5.7,5.84
S0171,2026-02,1.51,8.4,5.51
S0171,2026-03,1.55,9.0,6.6
S0171,2026-04,1.79,6.0,5.84
S0171,2026-05,1.79,5.2,5.54
S0171,2026-06,1.79,5.0,5.28
S0172,2024-07,24.0,0.1,0.1
S0172,2024-08,30.7,36.6,37.97
S0172,2024-09,30.7,39.1,38.23
S0172,2024-10,30.7,111.2,111.99
S0172,2024-11,30.7,37.7,37.3
S0172,2024-12,30.7,85.5,86.97
S0172,2025-01,30.7,18.8,17.67
S0172,2025-02,30.7,57.1,56.53
S0172,2025-03,30.7,69.8,73.02
S0172,2025-04,30.7,34.8,32.88
S0172,2025-05,30.7,86.5,85.73
S0172,2025-06,30.7,26.5,27.6
S0172,2025-07,24.42,137.2,105.09
S0172,2025-08,25.74,135.6,109.03
S0172,2025-09,30.7,0.1,0.1
S0172,2025-10,30.7,76.2,80.86
S0172,2025-11,23.73,53.9,41.84
S0172,2025-12,30.7,20.0,20.43
S0172,2026-01,30.7,104.6,107.61
S0172,2026-02,30.7,48.9,47.86
S0172,2026-03,26.49,84.9,73.32
S0172,2026-04,30.7,12.1,11.29
S0172,2026-05,30.7,48.4,50.75
S0172,2026-06,30.7,0.2,0.15
S0173,2024-07,1.29,3.3,2.79
S0173,2024-08,1.52,3.3,3.5
S0173,2024-09,1.52,4.3,4.11
S0173,2024-10,1.52,4.0,3.94
S0173,2024-11,1.52,3.6,3.78
S0173,2024-12,1.27,5.0,3.3
S0173,2025-01,1.52,3.3,3.15
S0173,2025-02,1.3,3.8,3.38
S0173,2025-03,1.52,4.4,4.07
S0173,2025-04,1.52,3.8,3.91
S0173,2025-05,1.52,4.5,4.19
S0173,2025-06,1.44,4.0,3.7
S0173,2025-07,1.52,3.0,3.08
S0173,2025-08,1.52,2.7,2.7
S0173,2025-09,1.52,3.8,3.76
S0173,2025-10,1.52,3.7,4.23
S0173,2025-11,1.28,5.1,4.13
S0173,2025-12,1.2,4.7,3.52
S0173,2026-01,1.52,3.2,3.32
S0173,2026-02,1.33,4.2,3.62
S0173,2026-03,1.29,5.6,4.65
S0173,2026-04,1.21,5.2,3.76
S0173,2026-05,1.22,5.2,3.73
S0173,2026-06,1.52,3.9,3.67
S0174,2024-07,0.97,30.4,19.19
S0174,2024-08,1.07,24.3,19.93
S0174,2024-09,1.24,22.5,21.75
S0174,2024-10,1.24,24.9,23.18
S0174,2024-11,1.24,22.7,22.86
S0174,2024-12,1.24,18.4,18.61
S0174,2025-01,0.96,27.4,17.49
S0174,2025-02,1.24,20.5,20.36
S0174,2025-03,1.06,37.3,25.88
S0174,2025-04,1.24,23.0,22.98
S0174,2025-05,1.24,23.3,23.16
S0174,2025-06,1.24,18.9,18.02
S0174,2025-07,1.13,19.3,17.68
S0174,2025-08,1.24,20.7,20.91
S0174,2025-09,1.24,23.1,22.98
S0174,2025-10,1.24,25.4,26.26
S0174,2025-11,0.95,36.0,21.79
S0174,2025-12,1.24,22.5,20.83
S0174,2026-01,1.15,19.7,16.93
S0174,2026-02,0.96,36.8,22.53
S0174,2026-03,1.24,22.7,22.77
S0174,2026-04,1.24,24.0,22.51
S0174,2026-05,1.24,23.6,23.77
S0174,2026-06,1.24,19.2,18.85
S0175,2024-07,1.47,10.1,8.54
S0175,2024-08,1.58,0.1,0.1
S0175,2024-09,1.58,5.4,5.36
S0175,2024-10,1.58,9.3,9.48
S0175,2024-11,1.58,17.4,17.67
S0175,2024-12,1.3,30.5,20.26
S0175,2025-01,1.58,4.2,4.03
S0175,2025-02,1.25,26.3,17.83
S0175,2025-03,1.58,11.3,11.75
S0175,2025-04,1.58,17.2,17.9
S0175,2025-05,1.58,0.1,0.1
S0175,2025-06,1.58,12.4,12.88
S0175,2025-07,1.58,4.3,4.12
S0175,2025-08,1.58,13.2,13.32
S0175,2025-09,1.58,6.7,6.48
S0175,2025-10,1.21,26.4,16.95
S0175,2025-11,1.58,8.0,8.67
S0175,2025-12,1.58,0.1,0.1
S0175,2026-01,1.25,32.3,19.45
S0175,2026-02,1.35,39.8,31.94
S0175,2026-03,1.58,22.8,23.62
S0175,2026-04,1.36,15.2,11.34
S0175,2026-05,1.38,26.0,19.48
S0175,2026-06,1.58,10.6,10.4
S0176,2024-07,9.56,42.3,39.47
S0176,2024-08,9.56,43.7,41.97
S0176,2024-09,9.56,60.8,58.64
S0176,2024-10,9.56,80.7,82.8
S0176,2024-11,9.56,68.3,67.28
S0176,2024-12,9.56,44.3,44.36
S0176,2025-01,9.56,28.2,29.3
S0176,2025-02,9.56,42.6,39.81
S0176,2025-03,9.56,11.1,11.71
S0176,2025-04,9.56,34.4,33.96
S0176,2025-05,7.63,89.7,63.48
S0176,2025-06,9.56,21.6,21.55
S0176,2025-07,9.56,55.1,53.85
S0176,2025-08,8.31,63.6,46.35
S0176,2025-09,9.56,39.5,40.89
S0176,2025-10,9.56,46.3,48.29
S0176,2025-11,8.03,59.0,42.39
S0176,2025-12,9.56,66.4,65.6
S0176,2026-01,8.09,49.2,36.87
S0176,2026-02,9.56,40.5,38.88
S0176,2026-03,9.56,57.4,50.09
S0176,2026-04,7.4,29.7,20.89
S0176,2026-05,9.56,56.9,60.34
S0176,2026-06,9.56,41.6,42.27
S0177,2024-07,6.47,21.8,22.98
S0177,2024-08,6.47,66.0,69.65
S0177,2024-09,6.47,80.9,78.56
S0177,2024-10,6.47,64.8,65.81
S0177,2024-11,6.47,80.7,81.94
S0177,2024-12,6.47,76.6,73.04
S0177,2025-01,6.47,34.7,32.62
S0177,2025-02,5.93,117.5,89.17
S0177,2025-03,4.94,190.0,110.54
S0177,2025-04,6.47,84.1,82.97
S0177,2025-05,6.47,88.5,86.48
S0177,2025-06,6.47,78.9,79.77
S0177,2025-07,5.68,3.4,2.64
S0177,2025-08,6.47,61.6,68.68
S0177,2025-09,6.47,164.3,155.52
S0177,2025-10,6.47,76.1,79.98
S0177,2025-11,5.31,84.4,56.95
S0177,2025-12,6.47,95.6,98.7
S0177,2026-01,5.93,64.7,53.79
S0177,2026-02,5.02,159.3,96.44
S0177,2026-03,6.47,52.2,53.53
S0177,2026-04,6.47,77.7,78.06
S0177,2026-05,4.92,136.1,74.36
S0177,2026-06,4.86,125.0,70.0
S0178,2024-07,1.73,7.8,8.42
S0178,2024-08,1.3,26.9,15.45
S0178,2024-09,1.73,25.1,23.27
S0178,2024-10,1.73,19.3,20.72
S0178,2024-11,1.73,21.2,22.86
S0178,2024-12,1.52,12.7,9.44
S0178,2025-01,1.73,13.5,14.23
S0178,2025-02,1.73,14.3,14.93
S0178,2025-03,1.73,7.4,7.37
S0178,2025-04,1.73,19.6,19.51
S0178,2025-05,1.51,16.5,11.97
S0178,2025-06,1.33,32.1,18.89
S0178,2025-07,1.73,24.4,22.41
S0178,2025-08,1.58,17.6,14.57
S0178,2025-09,1.73,27.5,26.8
S0178,2025-10,1.5,31.2,21.5
S0178,2025-11,1.35,20.6,13.89
S0178,2025-12,1.55,21.2,18.61
S0178,2026-01,1.73,9.7,9.86
S0178,2026-02,1.73,10.9,10.99
S0178,2026-03,1.73,12.7,12.27
S0178,2026-04,1.31,37.4,23.04
S0178,2026-05,1.73,19.0,19.64
S0178,2026-06,1.73,11.8,12.69
S0179,2024-07,9.82,106.8,102.37
S0179,2024-08,8.92,133.8,116.44
S0179,2024-09,9.82,127.9,133.03
S0179,2024-10,9.82,221.1,222.25
S0179,2024-11,7.97,310.5,203.41
S0179,2024-12,9.82,219.2,207.82
S0179,2025-01,9.82,10.9,12.32
S0179,2025-02,9.82,170.1,167.82
S0179,2025-03,7.52,93.8,65.35
S0179,2025-04,9.82,83.9,83.27
S0179,2025-05,9.82,212.3,206.77
S0179,2025-06,9.82,124.5,134.71
S0179,2025-07,9.82,0.1,0.1
S0179,2025-08,9.21,136.6,113.81
S0179,2025-09,9.82,184.0,189.98
S0179,2025-10,8.89,152.6,127.53
S0179,2025-11,9.82,124.1,136.45
S0179,2025-12,9.82,107.1,102.75
S0179,2026-01,9.82,201.4,202.89
S0179,2026-02,9.04,0.1,0.1
S0179,2026-03,9.82,64.9,64.76
S0179,2026-04,7.66,186.3,132.12
S0179,2026-05,9.82,197.0,182.7
S0179,2026-06,9.82,120.4,125.94
S0180,2024-07,5.63,9.2,9.46
S0180,2024-08,5.63,8.2,7.71
S0180,2024-09,5.63,13.2,12.55
S0180,2024-10,5.63,12.8,12.63
S0180,2024-11,5.63,8.5,8.25
S0180,2024-12,4.39,15.0,10.55
S0180,2025-01,5.63,10.6,10.73
S0180,2025-02,4.71,12.4,8.63
S0180,2025-03,5.63,8.2,8.92
S0180,2025-04,5.63,10.4,10.66
S0180,2025-05,5.63,10.3,10.13
S0180,2025-06,5.63,11.6,10.78
S0180,2025-07,5.63,6.5,6.56
S0180,2025-08,5.63,8.7,9.21
S0180,2025-09,5.2,12.4,10.56
S0180,2025-10,5.63,10.8,10.37
S0180,2025-11,5.63,13.1,12.81
S0180,2025-12,5.63,7.4,7.16
S0180,2026-01,5.63,7.1,6.8
S0180,2026-02,4.3,13.5,7.54
S0180,2026-03,5.63,8.6,9.31
S0180,2026-04,5.63,9.7,9.25
S0180,2026-05,5.63,6.4,6.75
S0180,2026-06,4.54,9.4,5.95
S0181,2024-07,97.76,78.5,69.85
S0181,2024-08,86.04,96.8,84.27
S0181,2024-09,97.76,100.9,98.56
S0181,2024-10,75.87,81.5,61.64
S0181,2024-11,97.76,113.8,108.54
S0181,2024-12,97.76,70.5,71.01
S0181,2025-01,83.22,69.4,56.71
S0181,2025-02,97.76,62.1,58.39
S0181,2025-03,97.76,62.8,61.99
S0181,2025-04,97.76,36.1,35.45
S0181,2025-05,97.76,94.8,90.62
S0181,2025-06,97.76,67.2,69.38
S0181,2025-07,87.51,56.4,47.22
S0181,2025-08,97.76,67.5,67.46
S0181,2025-09,97.76,62.0,61.14
S0181,2025-10,78.34,46.7,37.07
S0181,2025-11,97.76,108.8,109.98
S0181,2025-12,97.76,52.6,51.86
S0181,2026-01,97.76,14.9,14.36
S0181,2026-02,97.76,126.1,124.86
S0181,2026-03,97.76,80.2,79.87
S0181,2026-04,97.76,89.0,91.16
S0181,2026-05,97.76,93.3,87.65
S0181,2026-06,97.76,61.7,67.72
S0182,2024-07,1.49,5.9,6.27
S0182,2024-08,1.49,9.6,8.87
S0182,2024-09,1.49,12.6,12.98
S0182,2024-10,1.49,13.4,13.7
S0182,2024-11,1.49,10.7,11.35
S0182,2024-12,1.16,12.8,8.42
S0182,2025-01,1.49,9.1,9.25
S0182,2025-02,1.49,15.0,15.83
S0182,2025-03,1.49,13.2,13.88
S0182,2025-04,1.23,17.3,13.05
S0182,2025-05,1.49,7.5,7.15
S0182,2025-06,1.49,10.3,10.56
S0182,2025-07,1.49,12.2,11.5
S0182,2025-08,1.49,9.9,10.11
S0182,2025-09,1.49,10.9,11.02
S0182,2025-10,1.49,10.8,10.72
S0182,2025-11,1.31,17.2,12.84
S0182,2025-12,1.49,10.1,10.6
S0182,2026-01,1.28,14.8,11.97
S0182,2026-02,1.31,13.1,10.56
S0182,2026-03,1.49,13.0,12.02
S0182,2026-04,1.34,15.6,12.3
S0182,2026-05,1.49,10.5,10.79
S0182,2026-06,1.49,11.5,11.22
S0183,2024-07,1.64,126.4,120.68
S0183,2024-08,1.64,141.6,147.15
S0183,2024-09,1.64,166.4,176.76
S0183,2024-10,1.42,234.5,186.33
S0183,2024-11,1.64,151.7,149.25
S0183,2024-12,1.38,176.3,123.0
S0183,2025-01,1.64,82.9,79.5
S0183,2025-02,1.64,131.8,124.95
S0183,2025-03,1.64,189.7,199.41
S0183,2025-04,1.64,223.5,219.55
S0183,2025-05,1.64,202.1,187.98
S0183,2025-06,1.64,134.3,141.0
S0183,2025-07,1.64,118.3,117.36
S0183,2025-08,1.64,156.8,158.83
S0183,2025-09,1.43,156.1,125.96
S0183,2025-10,1.64,157.9,149.4
S0183,2025-11,1.64,150.8,156.57
S0183,2025-12,1.64,177.3,169.85
S0183,2026-01,1.64,153.8,154.38
S0183,2026-02,1.64,128.7,125.94
S0183,2026-03,1.64,159.1,162.06
S0183,2026-04,1.55,216.4,198.14
S0183,2026-05,1.64,151.7,162.52
S0183,2026-06,1.64,154.6,168.55
S0184,2024-07,10.1,11.2,8.14
S0184,2024-08,12.01,11.6,11.79
S0184,2024-09,12.01,14.3,13.15
S0184,2024-10,12.01,17.3,16.73
S0184,2024-11,12.01,17.4,18.05
S0184,2024-12,12.01,13.9,13.81
S0184,2025-01,12.01,11.6,12.43
S0184,2025-02,12.01,9.0,9.89
S0184,2025-03,12.01,15.9,15.66
S0184,2025-04,12.01,12.8,13.2
S0184,2025-05,12.01,14.5,14.97
S0184,2025-06,12.01,17.7,19.04
S0184,2025-07,12.01,8.9,9.88
S0184,2025-08,10.04,23.9,16.8
S0184,2025-09,12.01,29.2,27.07
S0184,2025-10,12.01,20.7,20.31
S0184,2025-11,10.6,22.8,18.22
S0184,2025-12,12.01,16.9,17.4
S0184,2026-01,12.01,11.8,11.81
S0184,2026-02,10.01,22.5,15.88
S0184,2026-03,12.01,21.1,22.57
S0184,2026-04,12.01,26.1,24.72
S0184,2026-05,10.29,24.4,17.9
S0184,2026-06,12.01,9.4,9.44
S0185,2024-07,29.66,277.4,182.42
S0185,2024-08,29.91,126.6,90.25
S0185,2024-09,38.74,242.8,232.61
S0185,2024-10,38.74,310.5,300.35
S0185,2024-11,38.74,221.7,196.99
S0185,2024-12,36.37,88.0,78.05
S0185,2025-01,38.74,93.8,91.81
S0185,2025-02,38.74,205.6,213.43
S0185,2025-03,38.74,230.5,263.95
S0185,2025-04,38.74,189.1,171.94
S0185,2025-05,34.01,67.2,53.39
S0185,2025-06,38.74,161.2,151.82
S0185,2025-07,38.74,253.7,221.38
S0185,2025-08,33.98,296.3,247.94
S0185,2025-09,38.74,254.7,262.26
S0185,2025-10,38.74,59.5,66.71
S0185,2025-11,31.07,400.7,283.97
S0185,2025-12,38.74,42.6,42.72
S0185,2026-01,38.74,99.0,102.68
S0185,2026-02,38.74,198.6,186.24
S0185,2026-03,38.74,218.9,213.99
S0185,2026-04,38.74,74.1,77.38
S0185,2026-05,38.74,215.6,219.23
S0185,2026-06,29.48,110.2,75.81
S0186,2024-07,9.39,13.2,13.71
S0186,2024-08,9.39,12.8,12.92
S0186,2024-09,9.39,13.9,13.82
S0186,2024-10,9.39,17.9,18.67
S0186,2024-11,9.39,17.7,18.33
S0186,2024-12,9.39,14.1,14.24
S0186,2025-01,9.39,13.0,12.44
S0186,2025-02,7.43,23.8,15.28
S0186,2025-03,7.54,17.6,12.52
S0186,2025-04,9.39,18.4,19.36
S0186,2025-05,9.39,16.1,16.47
S0186,2025-06,9.39,15.7,16.28
S0186,2025-07,9.39,14.0,13.82
S0186,2025-08,7.57,17.2,12.65
S0186,2025-09,8.6,17.6,16.19
S0186,2025-10,9.39,18.9,18.03
S0186,2025-11,9.39,18.4,18.03
S0186,2025-12,9.39,13.0,13.11
S0186,2026-01,8.25,15.2,13.55
S0186,2026-02,9.39,16.5,15.85
S0186,2026-03,9.39,14.9,14.96
S0186,2026-04,8.55,19.0,16.34
S0186,2026-05,9.39,16.5,16.45
S0186,2026-06,9.39,15.8,14.51
S0187,2024-07,2.44,7.7,8.35
S0187,2024-08,2.44,14.2,14.38
S0187,2024-09,2.44,30.0,29.51
S0187,2024-10,2.01,50.4,29.51
S0187,2024-11,2.44,31.4,31.37
S0187,2024-12,2.16,17.8,13.17
S0187,2025-01,2.26,2.5,2.1
S0187,2025-02,2.44,40.0,38.35
S0187,2025-03,1.93,49.6,30.04
S0187,2025-04,2.44,17.7,17.69
S0187,2025-05,2.44,19.7,19.76
S0187,2025-06,1.86,38.7,20.87
S0187,2025-07,2.44,15.6,15.91
S0187,2025-08,2.44,23.1,24.24
S0187,2025-09,2.21,14.3,12.33
S0187,2025-10,2.44,35.2,32.74
S0187,2025-11,2.44,18.3,19.01
S0187,2025-12,2.44,16.8,17.5
S0187,2026-01,2.14,30.6,21.87
S0187,2026-02,2.44,15.6,15.95
S0187,2026-03,2.28,34.4,29.16
S0187,2026-04,2.44,31.6,29.9
S0187,2026-05,2.44,28.6,27.34
S0187,2026-06,2.12,39.9,28.28
S0188,2024-07,10.45,1.1,1.08
S0188,2024-08,8.43,8.1,5.81
S0188,2024-09,10.45,3.0,3.08
S0188,2024-10,10.45,5.6,5.15
S0188,2024-11,10.45,2.1,2.04
S0188,2024-12,9.61,4.1,3.52
S0188,2025-01,10.45,1.1,1.17
S0188,2025-02,8.06,6.7,4.67
S0188,2025-03,8.53,7.0,4.9
S0188,2025-04,10.45,4.1,4.24
S0188,2025-05,10.45,3.9,4.18
S0188,2025-06,10.45,3.9,3.85
S0188,2025-07,10.45,5.0,5.27
S0188,2025-08,10.45,3.1,2.99
S0188,2025-09,10.45,2.5,2.55
S0188,2025-10,10.45,6.6,6.16
S0188,2025-11,10.45,4.7,4.77
S0188,2025-12,10.45,3.4,3.49
S0188,2026-01,10.45,4.3,4.07
S0188,2026-02,10.45,3.2,3.37
S0188,2026-03,8.95,5.5,4.27
S0188,2026-04,10.45,5.0,5.22
S0188,2026-05,10.45,5.1,4.73
S0188,2026-06,10.45,6.8,6.57
S0189,2024-07,4.78,6.1,5.65
S0189,2024-08,4.53,5.9,5.52
S0189,2024-09,4.78,7.0,7.59
S0189,2024-10,4.15,7.3,5.71
S0189,2024-11,4.31,11.7,9.46
S0189,2024-12,3.97,10.1,6.41
S0189,2025-01,4.32,8.2,6.95
S0189,2025-02,4.78,5.8,5.73
S0189,2025-03,4.78,8.8,8.59
S0189,2025-04,4.78,7.0,7.23
S0189,2025-05,4.78,7.6,7.33
S0189,2025-06,3.97,6.4,4.1
S0189,2025-07,3.84,8.6,5.49
S0189,2025-08,4.78,3.3,3.28
S0189,2025-09,4.51,7.4,6.88
S0189,2025-10,4.78,4.8,5.02
S0189,2025-11,3.86,11.6,7.74
S0189,2025-12,3.81,7.1,4.48
S0189,2026-01,4.78,3.4,3.32
S0189,2026-02,4.78,6.6,6.46
S0189,2026-03,4.78,6.4,6.49
S0189,2026-04,4.78,6.6,6.85
S0189,2026-05,4.78,6.1,6.13
S0189,2026-06,3.91,6.8,4.82
S0190,2024-07,205.57,70.4,51.64
S0190,2024-08,207.67,62.8,46.98
S0190,2024-09,245.68,21.0,18.75
S0190,2024-10,245.68,14.8,16.02
S0190,2024-11,245.68,36.0,38.37
S0190,2024-12,232.36,10.8,10.13
S0190,2025-01,245.68,0.6,0.7
S0190,2025-02,245.68,51.6,57.93
S0190,2025-03,245.68,9.4,9.04
S0190,2025-04,245.68,80.1,84.08
S0190,2025-05,245.68,23.1,23.24
S0190,2025-06,184.6,31.6,21.96
S0190,2025-07,188.53,67.8,46.85
S0190,2025-08,245.68,52.2,53.52
S0190,2025-09,215.33,45.9,36.8
S0190,2025-10,245.68,38.3,38.45
S0190,2025-11,245.68,17.2,15.79
S0190,2025-12,226.36,0.1,0.1
S0190,2026-01,245.68,27.5,27.82
S0190,2026-02,207.16,43.2,33.74
S0190,2026-03,245.68,14.0,13.66
S0190,2026-04,245.68,23.1,22.08
S0190,2026-05,193.4,43.3,30.52
S0190,2026-06,245.68,37.9,36.12
S0191,2024-07,2.0,45.6,46.86
S0191,2024-08,1.57,85.0,49.72
S0191,2024-09,2.0,102.4,102.69
S0191,2024-10,2.0,83.0,84.29
S0191,2024-11,2.0,145.3,148.03
S0191,2024-12,2.0,113.7,108.34
S0191,2025-01,1.54,158.4,87.96
S0191,2025-02,2.0,83.9,84.12
S0191,2025-03,2.0,64.4,66.14
S0191,2025-04,2.0,121.0,121.38
S0191,2025-05,2.0,29.4,30.11
S0191,2025-06,2.0,101.4,97.87
S0191,2025-07,1.6,146.2,88.1
S0191,2025-08,2.0,27.1,25.13
S0191,2025-09,2.0,65.2,71.03
S0191,2025-10,2.0,1.5,1.53
S0191,2025-11,2.0,27.1,28.98
S0191,2025-12,2.0,131.9,128.1
S0191,2026-01,2.0,69.1,73.97
S0191,2026-02,2.0,36.8,39.04
S0191,2026-03,2.0,42.1,40.14
S0191,2026-04,2.0,68.8,65.83
S0191,2026-05,2.0,54.8,51.31
S0191,2026-06,2.0,76.4,73.13
S0192,2024-07,12.1,31.8,31.96
S0192,2024-08,9.94,54.8,39.13
S0192,2024-09,10.52,44.6,35.28
S0192,2024-10,9.73,53.4,40.06
S0192,2024-11,12.1,40.2,38.32
S0192,2024-12,12.1,32.6,34.52
S0192,2025-01,11.31,28.9,26.86
S0192,2025-02,12.1,32.8,30.28
S0192,2025-03,12.1,38.9,39.11
S0192,2025-04,12.1,38.6,40.43
S0192,2025-05,12.1,38.2,40.59
S0192,2025-06,12.1,31.1,28.94
S0192,2025-07,12.1,26.2,26.3
S0192,2025-08,12.1,33.6,31.97
S0192,2025-09,12.1,34.6,34.36
S0192,2025-10,12.1,27.2,29.22
S0192,2025-11,12.1,32.8,32.07
S0192,2025-12,12.1,25.5,25.87
S0192,2026-01,10.8,36.1,30.03
S0192,2026-02,12.1,27.8,28.07
S0192,2026-03,12.1,29.7,29.88
S0192,2026-04,12.1,38.7,36.95
S0192,2026-05,12.1,30.4,30.23
S0192,2026-06,9.16,39.2,25.68
S0193,2024-07,186.66,34.4,22.79
S0193,2024-08,238.34,19.6,18.27
S0193,2024-09,207.93,31.3,23.9
S0193,2024-10,238.34,18.6,19.74
S0193,2024-11,218.2,25.2,22.75
S0193,2024-12,219.18,18.3,16.81
S0193,2025-01,238.34,24.1,22.48
S0193,2025-02,238.34,13.3,13.85
S0193,2025-03,238.34,24.1,24.66
S0193,2025-04,238.34,22.2,22.54
S0193,2025-05,238.34,22.6,22.91
S0193,2025-06,238.34,19.5,20.28
S0193,2025-07,197.19,37.9,24.43
S0193,2025-08,238.34,18.2,19.22
S0193,2025-09,238.34,20.7,20.1
S0193,2025-10,238.34,17.7,16.98
S0193,2025-11,179.7,45.9,29.25
S0193,2025-12,238.34,16.7,16.75
S0193,2026-01,196.71,36.7,27.36
S0193,2026-02,238.34,18.9,18.75
S0193,2026-03,238.34,25.1,26.15
S0193,2026-04,238.34,19.4,19.57
S0193,2026-05,187.43,35.1,23.21
S0193,2026-06,238.34,14.6,14.63
S0194,2024-07,10.15,43.8,45.52
S0194,2024-08,10.15,47.0,44.54
S0194,2024-09,10.15,53.3,52.03
S0194,2024-10,7.76,71.5,52.02
S0194,2024-11,10.15,50.9,50.84
S0194,2024-12,7.72,58.5,44.0
S0194,2025-01,10.15,38.3,38.63
S0194,2025-02,10.15,46.0,45.4
S0194,2025-03,7.92,67.9,52.0
S0194,2025-04,10.15,52.8,54.29
S0194,2025-05,10.15,54.4,57.69
S0194,2025-06,9.26,40.4,37.1
S0194,2025-07,8.33,49.8,38.2
S0194,2025-08,10.15,41.7,43.68
S0194,2025-09,10.15,47.8,45.86
S0194,2025-10,10.15,55.5,52.36
S0194,2025-11,8.6,53.0,47.43
S0194,2025-12,10.15,34.5,34.16
S0194,2026-01,7.85,49.0,35.88
S0194,2026-02,9.44,25.4,25.77
S0194,2026-03,10.15,43.9,47.45
S0194,2026-04,8.11,65.2,53.89
S0194,2026-05,10.15,48.0,48.57
S0194,2026-06,10.15,40.8,43.32
S0195,2024-07,1.05,52.3,26.13
S0195,2024-08,1.38,22.3,23.15
S0195,2024-09,1.38,18.3,18.32
S0195,2024-10,1.38,40.5,41.94
S0195,2024-11,1.38,18.6,21.09
S0195,2024-12,1.38,2.5,2.37
S0195,2025-01,1.15,21.7,14.22
S0195,2025-02,1.27,24.0,21.58
S0195,2025-03,1.17,72.7,50.91
S0195,2025-04,1.09,49.2,34.29
S0195,2025-05,1.07,35.7,22.12
S0195,2025-06,1.13,25.9,16.7
S0195,2025-07,1.38,29.8,30.65
S0195,2025-08,1.06,12.3,6.53
S0195,2025-09,1.38,47.0,42.76
S0195,2025-10,1.05,41.6,22.7
S0195,2025-11,1.38,34.4,33.52
S0195,2025-12,1.38,43.6,44.17
S0195,2026-01,1.38,31.5,31.77
S0195,2026-02,1.17,21.7,15.07
S0195,2026-03,1.07,56.7,32.83
S0195,2026-04,1.38,48.0,47.43
S0195,2026-05,1.38,46.9,45.42
S0195,2026-06,1.26,24.6,21.69
S0196,2024-07,5.73,240.3,229.43
S0196,2024-08,5.17,196.2,172.25
S0196,2024-09,5.16,200.1,171.97
S0196,2024-10,5.73,228.4,223.79
S0196,2024-11,5.32,389.2,312.22
S0196,2024-12,5.73,153.3,160.02
S0196,2025-01,5.73,194.9,191.48
S0196,2025-02,5.73,171.0,186.69
S0196,2025-03,5.73,78.9,74.12
S0196,2025-04,4.54,249.5,174.22
S0196,2025-05,5.73,198.3,205.44
S0196,2025-06,5.2,160.3,140.74
S0196,2025-07,5.73,171.5,171.57
S0196,2025-08,4.35,319.8,190.2
S0196,2025-09,5.73,100.2,103.6
S0196,2025-10,5.73,228.7,227.17
S0196,2025-11,5.73,270.3,272.07
S0196,2025-12,5.09,153.1,132.69
S0196,2026-01,4.77,239.8,169.21
S0196,2026-02,5.73,121.8,130.27
S0196,2026-03,5.73,167.1,168.31
S0196,2026-04,5.73,177.0,173.99
S0196,2026-05,5.73,59.5,59.81
S0196,2026-06,4.36,361.2,214.17
S0197,2024-07,3.56,33.3,29.39
S0197,2024-08,3.83,29.8,33.45
S0197,2024-09,3.12,59.0,41.7
S0197,2024-10,3.42,57.1,43.1
S0197,2024-11,3.83,42.8,39.52
S0197,2024-12,3.83,30.4,31.36
S0197,2025-01,3.83,32.9,30.51
S0197,2025-02,3.83,33.8,34.21
S0197,2025-03,3.83,40.1,38.72
S0197,2025-04,3.25,66.7,50.33
S0197,2025-05,3.83,44.8,42.25
S0197,2025-06,3.83,41.6,38.75
S0197,2025-07,3.83,27.6,26.09
S0197,2025-08,3.83,31.9,31.96
S0197,2025-09,3.42,63.0,49.05
S0197,2025-10,3.09,57.9,39.92
S0197,2025-11,3.12,46.7,31.56
S0197,2025-12,3.83,30.3,31.53
S0197,2026-01,3.49,41.4,33.94
S0197,2026-02,3.83,26.5,28.62
S0197,2026-03,3.83,34.0,34.62
S0197,2026-04,3.83,33.8,34.24
S0197,2026-05,3.83,34.4,34.2
S0197,2026-06,3.83,38.6,36.5
S0198,2024-07,2.66,7.7,7.84
S0198,2024-08,2.66,5.8,5.63
S0198,2024-09,2.66,8.2,8.78
S0198,2024-10,2.66,5.3,5.48
S0198,2024-11,2.66,8.3,8.72
S0198,2024-12,2.66,5.7,5.45
S0198,2025-01,2.51,8.4,7.12
S0198,2025-02,2.66,5.9,5.96
S0198,2025-03,2.66,8.0,7.91
S0198,2025-04,2.66,6.4,6.28
S0198,2025-05,2.66,5.5,5.62
S0198,2025-06,2.66,5.7,5.55
S0198,2025-07,2.66,8.6,9.14
S0198,2025-08,2.66,4.2,4.53
S0198,2025-09,2.52,7.8,6.93
S0198,2025-10,2.66,2.9,3.11
S0198,2025-11,2.66,7.8,7.08
S0198,2025-12,2.66,5.9,5.62
S0198,2026-01,2.66,4.8,4.79
S0198,2026-02,2.66,7.9,7.81
S0198,2026-03,2.16,10.2,6.54
S0198,2026-04,2.66,6.9,7.89
S0198,2026-05,2.66,3.3,3.55
S0198,2026-06,2.36,13.0,9.05
S0199,2024-07,1.83,142.5,115.81
S0199,2024-08,1.99,16.0,16.8
S0199,2024-09,1.69,111.0,79.51
S0199,2024-10,1.99,141.7,151.38
S0199,2024-11,1.75,49.1,39.75
S0199,2024-12,1.99,49.4,50.99
S0199,2025-01,1.99,135.5,136.34
S0199,2025-02,1.99,67.1,68.66
S0199,2025-03,1.99,41.0,45.11
S0199,2025-04,1.99,79.5,83.33
S0199,2025-05,1.99,42.9,43.15
S0199,2025-06,1.99,56.6,54.45
S0199,2025-07,1.75,87.8,61.59
S0199,2025-08,1.99,83.1,81.27
S0199,2025-09,1.68,158.9,113.32
S0199,2025-10,1.52,245.3,137.55
S0199,2025-11,1.99,44.4,44.65
S0199,2025-12,1.99,74.6,70.57
S0199,2026-01,1.99,84.8,87.95
S0199,2026-02,1.99,135.0,123.9
S0199,2026-03,1.72,87.9,68.13
S0199,2026-04,1.99,137.9,144.15
S0199,2026-05,1.87,137.7,115.99
S0199,2026-06,1.99,102.1,102.14
S0200,2024-07,1.35,27.2,27.6
S0200,2024-08,1.35,28.0,27.75
S0200,2024-09,1.35,72.0,72.92
S0200,2024-10,1.35,78.2,75.55
S0200,2024-11,1.35,37.5,38.62
S0200,2024-12,1.35,54.2,52.44
S0200,2025-01,1.35,41.5,42.47
S0200,2025-02,1.35,60.9,67.26
S0200,2025-03,1.35,55.1,54.42
S0200,2025-04,1.35,43.6,43.32
S0200,2025-05,1.08,48.3,33.63
S0200,2025-06,1.35,30.3,30.63
S0200,2025-07,1.35,12.2,11.61
S0200,2025-08,1.35,100.3,96.26
S0200,2025-09,1.35,81.4,82.87
S0200,2025-10,1.35,91.3,92.34
S0200,2025-11,1.35,55.1,54.63
S0200,2025-12,1.35,80.8,82.81
S0200,2026-01,1.21,78.3,67.91
S0200,2026-02,1.17,79.3,64.83
S0200,2026-03,1.35,82.8,79.3
S0200,2026-04,1.35,100.8,99.78
S0200,2026-05,1.35,78.8,71.67
S0200,2026-06,1.35,31.6,34.91
S0201,2024-07,9.81,14.6,13.86
S0201,2024-08,7.68,27.9,17.54
S0201,2024-09,9.81,23.2,23.85
S0201,2024-10,9.81,18.0,20.17
S0201,2024-11,9.81,20.6,19.57
S0201,2024-12,9.81,19.7,18.41
S0201,2025-01,9.81,14.8,15.3
S0201,2025-02,7.94,27.8,19.14
S0201,2025-03,9.81,18.4,19.8
S0201,2025-04,9.81,22.3,22.45
S0201,2025-05,9.81,21.2,21.56
S0201,2025-06,8.23,20.4,15.36
S0201,2025-07,9.05,16.7,14.06
S0201,2025-08,7.85,23.7,15.76
S0201,2025-09,8.12,26.4,18.56
S0201,2025-10,9.81,19.8,20.42
S0201,2025-11,9.81,20.8,19.82
S0201,2025-12,7.52,25.7,16.44
S0201,2026-01,9.81,14.9,14.52
S0201,2026-02,9.81,17.1,17.24
S0201,2026-03,9.81,18.5,19.78
S0201,2026-04,9.81,23.2,21.21
S0201,2026-05,8.88,25.3,19.63
S0201,2026-06,7.76,25.8,16.32
S0202,2024-07,18.15,38.7,29.46
S0202,2024-08,21.83,4.0,4.3
S0202,2024-09,21.83,24.7,23.78
S0202,2024-10,21.83,36.3,39.17
S0202,2024-11,21.83,38.6,36.86
S0202,2024-12,21.83,30.4,29.98
S0202,2025-01,21.83,1.1,1.16
S0202,2025-02,21.83,22.6,22.18
S0202,2025-03,21.83,43.5,43.31
S0202,2025-04,21.83,30.1,32.23
S0202,2025-05,20.38,32.5,28.34
S0202,2025-06,21.83,9.8,10.42
S0202,2025-07,21.83,21.2,21.04
S0202,2025-08,21.83,18.5,19.23
S0202,2025-09,21.83,0.1,0.1
S0202,2025-10,19.86,11.3,10.77
S0202,2025-11,17.26,42.7,30.74
S0202,2025-12,21.83,25.6,25.14
S0202,2026-01,18.29,12.9,10.76
S0202,2026-02,21.83,14.1,13.92
S0202,2026-03,19.88,36.6,32.81
S0202,2026-04,16.84,33.8,26.16
S0202,2026-05,16.63,59.6,41.5
S0202,2026-06,21.83,10.2,10.75
S0203,2024-07,5.68,70.2,56.42
S0203,2024-08,6.37,52.5,50.17
S0203,2024-09,6.37,68.5,71.33
S0203,2024-10,6.37,76.9,80.2
S0203,2024-11,6.37,74.5,77.52
S0203,2024-12,6.37,70.0,67.92
S0203,2025-01,6.37,64.3,62.66
S0203,2025-02,5.93,71.3,62.62
S0203,2025-03,6.37,68.5,71.57
S0203,2025-04,6.37,77.9,75.69
S0203,2025-05,6.37,90.9,80.67
S0203,2025-06,6.37,59.5,60.95
S0203,2025-07,6.37,71.4,73.18
S0203,2025-08,6.37,51.6,52.8
S0203,2025-09,6.37,80.3,81.52
S0203,2025-10,6.37,86.0,80.89
S0203,2025-11,6.37,86.7,88.71
S0203,2025-12,6.37,76.7,72.45
S0203,2026-01,6.37,59.6,63.4
S0203,2026-02,4.92,72.0,47.65
S0203,2026-03,6.37,51.5,54.91
S0203,2026-04,6.37,71.6,71.05
S0203,2026-05,5.05,88.7,61.9
S0203,2026-06,6.37,62.7,63.51
S0204,2024-07,6.23,37.6,38.46
S0204,2024-08,6.23,56.7,54.49
S0204,2024-09,6.23,63.3,60.77
S0204,2024-10,6.23,67.7,68.47
S0204,2024-11,6.23,69.1,67.87
S0204,2024-12,4.75,107.5,57.48
S0204,2025-01,6.23,54.7,53.47
S0204,2025-02,6.23,66.8,60.51
S0204,2025-03,6.23,64.3,58.4
S0204,2025-04,6.23,65.7,64.55
S0204,2025-05,6.23,64.7,63.18
S0204,2025-06,5.3,77.4,57.37
S0204,2025-07,6.23,52.4,50.12
S0204,2025-08,5.37,77.1,52.71
S0204,2025-09,5.61,82.1,67.37
S0204,2025-10,6.23,56.4,63.49
S0204,2025-11,5.07,106.7,69.18
S0204,2025-12,6.23,54.3,58.54
S0204,2026-01,6.23,56.1,51.34
S0204,2026-02,6.23,57.9,55.83
S0204,2026-03,6.23,62.4,59.83
S0204,2026-04,6.23,66.0,65.09
S0204,2026-05,4.78,94.3,58.02
S0204,2026-06,6.23,57.2,55.31
S0205,2024-07,1.38,48.5,44.9
S0205,2024-08,1.15,126.0,78.52
S0205,2024-09,1.38,35.0,39.99
S0205,2024-10,1.38,75.4,74.4
S0205,2024-11,1.2,116.0,81.21
S0205,2024-12,1.38,29.0,31.79
S0205,2025-01,1.38,91.1,93.93
S0205,2025-02,1.38,61.7,67.2
S0205,2025-03,1.38,79.6,78.54
S0205,2025-04,1.38,36.7,39.5
S0205,2025-05,1.38,55.3,53.99
S0205,2025-06,1.07,179.1,100.49
S0205,2025-07,1.17,39.8,27.0
S0205,2025-08,1.38,45.7,49.0
S0205,2025-09,1.38,66.5,61.29
S0205,2025-10,1.38,127.0,125.53
S0205,2025-11,1.38,86.4,73.1
S0205,2025-12,1.06,109.5,67.72
S0205,2026-01,1.38,10.3,10.59
S0205,2026-02,1.2,80.8,59.72
S0205,2026-03,1.38,66.9,68.91
S0205,2026-04,1.38,83.1,82.54
S0205,2026-05,1.38,11.7,11.89
S0205,2026-06,1.38,33.6,32.57
S0206,2024-07,5.43,130.6,112.95
S0206,2024-08,5.15,152.8,128.2
S0206,2024-09,5.13,179.9,140.32
S0206,2024-10,6.02,54.1,63.94
S0206,2024-11,6.02,128.3,145.2
S0206,2024-12,6.02,100.5,102.13
S0206,2025-01,4.72,226.8,148.35
S0206,2025-02,6.02,132.5,117.05
S0206,2025-03,6.02,107.1,117.97
S0206,2025-04,4.81,166.5,110.73
S0206,2025-05,5.42,156.8,128.58
S0206,2025-06,5.49,74.1,63.73
S0206,2025-07,6.02,98.1,95.94
S0206,2025-08,6.02,109.4,113.08
S0206,2025-09,6.02,115.2,115.83
S0206,2025-10,6.02,64.0,71.8
S0206,2025-11,6.02,67.7,71.56
S0206,2025-12,4.84,124.8,83.37
S0206,2026-01,4.71,117.1,73.59
S0206,2026-02,6.02,107.5,100.72
S0206,2026-03,4.71,195.1,127.83
S0206,2026-04,5.32,200.4,157.65
S0206,2026-05,6.02,161.0,172.51
S0206,2026-06,6.02,100.9,111.28
S0207,2024-07,10.69,11.2,10.27
S0207,2024-08,9.67,25.9,21.36
S0207,2024-09,11.47,27.3,27.73
S0207,2024-10,11.47,28.5,26.01
S0207,2024-11,11.47,21.3,19.46
S0207,2024-12,9.87,6.6,5.29
S0207,2025-01,11.47,6.0,5.93
S0207,2025-02,9.91,6.0,4.8
S0207,2025-03,11.47,21.5,20.66
S0207,2025-04,9.96,15.0,12.94
S0207,2025-05,11.47,16.1,15.84
S0207,2025-06,9.96,16.8,13.08
S0207,2025-07,11.47,10.6,10.21
S0207,2025-08,11.47,7.9,8.15
S0207,2025-09,9.11,0.1,0.1
S0207,2025-10,9.47,25.7,19.59
S0207,2025-11,11.47,16.1,15.95
S0207,2025-12,8.63,13.3,9.18
S0207,2026-01,11.47,18.5,18.97
S0207,2026-02,11.47,3.3,3.28
S0207,2026-03,11.47,29.5,30.11
S0207,2026-04,11.47,16.7,16.97
S0207,2026-05,9.8,8.4,7.86
S0207,2026-06,11.47,14.0,14.89
S0208,2024-07,141.03,17.4,16.27
S0208,2024-08,108.05,120.2,71.7
S0208,2024-09,141.03,55.3,61.78
S0208,2024-10,141.03,80.9,78.07
S0208,2024-11,141.03,44.7,48.02
S0208,2024-12,141.03,21.9,21.5
S0208,2025-01,141.03,18.8,18.94
S0208,2025-02,141.03,51.6,53.01
S0208,2025-03,141.03,76.9,76.61
S0208,2025-04,133.85,35.3,34.79
S0208,2025-05,141.03,40.2,39.19
S0208,2025-06,141.03,67.2,66.56
S0208,2025-07,141.03,32.1,30.98
S0208,2025-08,141.03,77.5,80.33
S0208,2025-09,141.03,53.3,48.67
S0208,2025-10,141.03,53.8,54.04
S0208,2025-11,128.56,32.5,26.86
S0208,2025-12,113.97,62.7,41.92
S0208,2026-01,141.03,42.8,44.15
S0208,2026-02,108.55,83.7,54.42
S0208,2026-03,141.03,50.4,50.56
S0208,2026-04,131.3,43.1,40.34
S0208,2026-05,124.3,71.8,53.52
S0208,2026-06,141.03,52.0,54.75
S0209,2024-07,25.76,12.0,11.21
S0209,2024-08,22.7,33.6,27.04
S0209,2024-09,22.39,0.7,0.46
S0209,2024-10,27.45,27.4,27.65
S0209,2024-11,27.45,18.3,19.53
S0209,2024-12,27.45,25.9,23.76
S0209,2025-01,27.45,12.4,11.69
S0209,2025-02,22.23,41.9,31.5
S0209,2025-03,25.93,25.9,24.21
S0209,2025-04,25.57,22.3,19.73
S0209,2025-05,27.45,27.0,24.8
S0209,2025-06,27.45,0.9,0.86
S0209,2025-07,23.15,21.2,16.73
S0209,2025-08,24.56,39.3,32.16
S0209,2025-09,27.45,18.3,19.76
S0209,2025-10,27.45,13.9,12.98
S0209,2025-11,27.45,34.7,34.76
S0209,2025-12,27.45,34.3,34.59
S0209,2026-01,27.45,31.2,31.34
S0209,2026-02,27.45,12.6,13.06
S0209,2026-03,27.45,16.7,18.22
S0209,2026-04,27.45,28.9,30.07
S0209,2026-05,27.45,42.3,42.04
S0209,2026-06,21.3,42.4,29.46
S0210,2024-07,11.12,64.8,65.34
S0210,2024-08,11.12,67.7,69.13
S0210,2024-09,11.12,83.3,85.76
S0210,2024-10,11.12,97.2,93.51
S0210,2024-11,11.12,84.1,82.66
S0210,2024-12,11.12,64.3,66.94
S0210,2025-01,8.44,54.0,39.02
S0210,2025-02,8.52,92.8,62.92
S0210,2025-03,11.12,92.6,90.58
S0210,2025-04,11.12,81.8,83.76
S0210,2025-05,11.12,84.0,85.8
S0210,2025-06,11.12,46.1,52.03
S0210,2025-07,11.12,72.7,71.32
S0210,2025-08,11.12,65.3,60.25
S0210,2025-09,10.18,79.6,66.87
S0210,2025-10,11.12,70.4,70.06
S0210,2025-11,8.36,124.3,81.26
S0210,2025-12,10.24,60.6,54.6
S0210,2026-01,11.12,43.8,41.13
S0210,2026-02,10.56,85.5,73.82
S0210,2026-03,11.12,65.7,66.15
S0210,2026-04,11.12,83.0,79.36
S0210,2026-05,11.12,60.3,60.85
S0210,2026-06,11.12,47.8,49.25
S0211,2024-07,2.1,13.9,14.36
S0211,2024-08,2.1,10.6,9.94
S0211,2024-09,1.91,19.7,15.5
S0211,2024-10,2.1,11.9,12.33
S0211,2024-11,2.1,13.4,12.56
S0211,2024-12,2.1,19.0,19.29
S0211,2025-01,2.1,10.3,9.43
S0211,2025-02,2.1,15.4,14.18
S0211,2025-03,1.81,23.2,16.14
S0211,2025-04,2.1,17.4,19.12
S0211,2025-05,1.86,20.6,14.99
S0211,2025-06,2.1,7.6,7.95
S0211,2025-07,2.1,12.2,11.38
S0211,2025-08,1.82,15.5,11.57
S0211,2025-09,1.77,15.3,9.9
S0211,2025-10,1.73,22.6,14.29
S0211,2025-11,2.1,21.3,20.92
S0211,2025-12,1.77,20.9,13.17
S0211,2026-01,2.1,10.9,10.74
S0211,2026-02,2.1,6.4,6.89
S0211,2026-03,2.1,9.3,10.1
S0211,2026-04,2.1,3.9,3.9
S0211,2026-05,1.8,19.9,14.52
S0211,2026-06,2.1,11.3,11.27
S0212,2024-07,44.06,10.1,8.25
S0212,2024-08,52.5,9.5,9.42
S0212,2024-09,52.5,8.6,8.92
S0212,2024-10,52.5,9.3,10.57
S0212,2024-11,52.5,10.7,10.87
S0212,2024-12,52.5,6.4,6.23
S0212,2025-01,52.5,4.5,4.5
S0212,2025-02,52.5,9.4,9.49
S0212,2025-03,52.5,9.3,9.57
S0212,2025-04,39.56,17.8,11.84
S0212,2025-05,46.03,12.2,11.4
S0212,2025-06,52.5,9.3,9.92
S0212,2025-07,52.5,9.1,9.06
S0212,2025-08,48.36,7.7,6.65
S0212,2025-09,39.6,12.3,8.56
S0212,2025-10,46.17,11.8,10.39
S0212,2025-11,39.64,18.1,12.68
S0212,2025-12,45.21,4.8,3.81
S0212,2026-01,48.89,9.7,9.04
S0212,2026-02,52.5,8.5,7.97
S0212,2026-03,52.5,13.5,12.88
S0212,2026-04,52.5,13.1,14.0
S0212,2026-05,46.01,11.7,9.83
S0212,2026-06,42.97,14.0,10.45
S0213,2024-07,2.03,26.9,27.49
S0213,2024-08,2.03,16.6,16.11
S0213,2024-09,2.03,26.5,27.25
S0213,2024-10,2.03,38.3,40.4
S0213,2024-11,1.63,35.6,22.53
S0213,2024-12,1.66,21.3,14.64
S0213,2025-01,2.03,23.0,22.93
S0213,2025-02,2.03,17.5,17.18
S0213,2025-03,2.03,25.3,23.75
S0213,2025-04,1.53,44.2,25.59
S0213,2025-05,2.03,27.0,25.08
S0213,2025-06,2.03,13.2,12.96
S0213,2025-07,2.03,14.4,14.82
S0213,2025-08,2.03,19.8,17.96
S0213,2025-09,2.03,22.8,24.69
S0213,2025-10,2.03,21.7,20.19
S0213,2025-11,1.89,27.6,24.66
S0213,2025-12,2.03,20.5,21.0
S0213,2026-01,2.03,20.2,20.21
S0213,2026-02,2.03,19.6,19.47
S0213,2026-03,2.03,23.5,22.29
S0213,2026-04,2.03,20.7,21.66
S0213,2026-05,2.03,26.2,28.44
S0213,2026-06,2.03,23.6,22.15
S0214,2024-07,12.56,18.4,18.56
S0214,2024-08,12.56,13.3,12.99
S0214,2024-09,12.56,36.9,37.36
S0214,2024-10,12.56,47.4,50.61
S0214,2024-11,12.56,48.6,47.44
S0214,2024-12,11.66,33.9,30.77
S0214,2025-01,10.24,60.1,44.84
S0214,2025-02,12.56,28.3,26.63
S0214,2025-03,12.56,47.6,43.86
S0214,2025-04,11.41,38.9,33.98
S0214,2025-05,10.86,94.9,76.82
S0214,2025-06,12.56,25.2,24.55
S0214,2025-07,12.56,10.9,10.51
S0214,2025-08,12.56,18.6,17.11
S0214,2025-09,12.56,32.8,33.39
S0214,2025-10,12.56,60.2,60.7
S0214,2025-11,12.56,14.6,14.82
S0214,2025-12,12.56,20.0,20.37
S0214,2026-01,12.56,50.7,49.99
S0214,2026-02,12.56,18.9,18.62
S0214,2026-03,11.14,53.0,45.42
S0214,2026-04,10.8,76.4,66.99
S0214,2026-05,12.56,37.2,35.67
S0214,2026-06,12.56,9.9,10.17
S0215,2024-07,2.06,47.3,48.96
S0215,2024-08,2.06,21.7,20.48
S0215,2024-09,2.06,54.0,54.91
S0215,2024-10,2.06,54.7,56.78
S0215,2024-11,2.06,44.3,44.75
S0215,2024-12,2.06,38.1,39.75
S0215,2025-01,2.06,31.9,33.4
S0215,2025-02,2.06,46.6,41.69
S0215,2025-03,2.06,43.3,42.94
S0215,2025-04,2.06,65.9,58.67
S0215,2025-05,1.74,98.7,71.9
S0215,2025-06,2.06,35.7,34.61
S0215,2025-07,1.6,62.2,38.16
S0215,2025-08,2.06,49.6,50.31
S0215,2025-09,2.06,57.6,56.57
S0215,2025-10,1.71,75.7,50.72
S0215,2025-11,2.06,52.9,50.12
S0215,2025-12,2.06,44.5,47.78
S0215,2026-01,2.06,22.3,22.97
S0215,2026-02,2.06,48.9,48.61
S0215,2026-03,1.66,67.9,45.27
S0215,2026-04,2.06,40.7,42.56
S0215,2026-05,2.06,50.0,49.38
S0215,2026-06,2.06,38.1,39.07
S0216,2024-07,4.26,56.7,55.42
S0216,2024-08,3.56,33.1,21.16
S0216,2024-09,4.26,38.6,42.84
S0216,2024-10,3.44,86.8,52.96
S0216,2024-11,3.43,95.6,55.75
S0216,2024-12,4.26,49.1,50.04
S0216,2025-01,3.52,64.2,43.42
S0216,2025-02,4.26,66.8,67.26
S0216,2025-03,3.23,130.0,71.77
S0216,2025-04,3.8,75.5,60.22
S0216,2025-05,4.26,55.6,58.94
S0216,2025-06,3.76,24.9,17.55
S0216,2025-07,4.26,18.9,18.47
S0216,2025-08,3.59,88.6,59.14
S0216,2025-09,3.61,80.8,51.21
S0216,2025-10,4.26,69.3,70.46
S0216,2025-11,4.26,40.6,43.38
S0216,2025-12,3.58,84.9,61.47
S0216,2026-01,3.52,58.9,39.59
S0216,2026-02,4.26,48.2,44.98
S0216,2026-03,4.26,64.0,61.78
S0216,2026-04,4.26,41.3,40.16
S0216,2026-05,4.26,31.4,29.59
S0216,2026-06,4.26,26.1,29.56
S0217,2024-07,4.31,1.0,1.1
S0217,2024-08,4.31,1.4,1.39
S0217,2024-09,4.31,2.3,2.17
S0217,2024-10,4.31,2.2,2.12
S0217,2024-11,4.31,2.7,2.72
S0217,2024-12,4.31,1.8,1.62
S0217,2025-01,4.31,3.6,3.64
S0217,2025-02,3.61,1.8,1.08
S0217,2025-03,4.31,0.8,0.85
S0217,2025-04,4.31,0.3,0.34
S0217,2025-05,3.82,3.4,2.59
S0217,2025-06,4.31,1.6,1.82
S0217,2025-07,4.31,2.6,2.66
S0217,2025-08,4.31,3.1,3.16
S0217,2025-09,3.6,2.0,1.29
S0217,2025-10,3.95,2.5,1.99
S0217,2025-11,3.31,3.4,1.76
S0217,2025-12,4.31,2.2,1.92
S0217,2026-01,4.31,1.8,1.69
S0217,2026-02,3.68,1.0,0.74
S0217,2026-03,3.8,1.8,1.52
S0217,2026-04,4.31,1.0,1.02
S0217,2026-05,4.31,1.3,1.31
S0217,2026-06,3.79,3.9,2.8
S0218,2024-07,14.46,65.1,69.48
S0218,2024-08,11.18,163.1,109.28
S0218,2024-09,14.46,152.0,153.25
S0218,2024-10,14.46,90.4,90.12
S0218,2024-11,11.35,173.6,106.19
S0218,2024-12,14.46,122.6,124.97
S0218,2025-01,14.46,31.9,31.8
S0218,2025-02,14.46,73.9,71.14
S0218,2025-03,14.46,100.7,98.52
S0218,2025-04,14.46,112.7,102.13
S0218,2025-05,14.46,118.0,123.86
S0218,2025-06,14.46,112.6,118.83
S0218,2025-07,14.46,45.7,40.8
S0218,2025-08,14.46,71.9,75.89
S0218,2025-09,10.96,206.3,130.09
S0218,2025-10,11.79,176.9,126.62
S0218,2025-11,14.46,94.8,97.65
S0218,2025-12,12.0,92.2,63.33
S0218,2026-01,13.66,156.2,143.27
S0218,2026-02,14.46,94.1,88.63
S0218,2026-03,12.63,136.8,110.14
S0218,2026-04,12.47,156.9,121.45
S0218,2026-05,14.46,93.1,94.09
S0218,2026-06,14.46,130.0,134.79
S0219,2024-07,1.36,21.7,21.27
S0219,2024-08,1.36,14.1,13.58
S0219,2024-09,1.15,31.6,24.55
S0219,2024-10,1.36,13.4,13.76
S0219,2024-11,1.36,26.4,26.26
S0219,2024-12,1.36,16.9,16.47
S0219,2025-01,1.36,0.1,0.1
S0219,2025-02,1.36,19.6,19.63
S0219,2025-03,1.36,12.9,12.39
S0219,2025-04,1.36,12.4,12.29
S0219,2025-05,1.25,17.2,14.99
S0219,2025-06,1.36,18.6,19.07
S0219,2025-07,1.1,2.6,1.9
S0219,2025-08,1.36,25.2,25.66
S0219,2025-09,1.36,21.6,20.59
S0219,2025-10,1.36,13.1,13.57
S0219,2025-11,1.36,27.0,26.42
S0219,2025-12,1.36,31.5,32.44
S0219,2026-01,1.16,0.1,0.1
S0219,2026-02,1.36,23.4,24.96
S0219,2026-03,1.36,28.3,29.13
S0219,2026-04,1.04,25.9,17.2
S0219,2026-05,1.12,23.7,19.73
S0219,2026-06,1.36,3.8,3.97
S0220,2024-07,3.47,60.4,64.15
S0220,2024-08,2.78,141.0,85.73
S0220,2024-09,3.47,82.7,86.64
S0220,2024-10,3.47,90.0,91.67
S0220,2024-11,3.23,109.1,95.77
S0220,2024-12,3.47,65.2,67.87
S0220,2025-01,3.01,107.2,83.32
S0220,2025-02,3.47,89.4,82.87
S0220,2025-03,3.08,101.0,79.62
S0220,2025-04,3.47,93.8,98.59
S0220,2025-05,3.47,85.2,83.7
S0220,2025-06,3.47,69.5,68.42
S0220,2025-07,3.47,71.2,70.93
S0220,2025-08,3.04,79.3,59.82
S0220,2025-09,3.47,85.7,82.75
S0220,2025-10,3.47,90.4,91.88
S0220,2025-11,3.47,84.3,87.1
S0220,2025-12,3.47,70.0,64.96
S0220,2026-01,3.47,48.8,49.69
S0220,2026-02,3.47,79.7,80.34
S0220,2026-03,3.47,92.6,87.68
S0220,2026-04,3.47,79.7,86.6
S0220,2026-05,2.75,131.3,78.45
S0220,2026-06,3.2,83.6,71.44
S0221,2024-07,12.04,12.9,13.5
S0221,2024-08,12.04,18.7,21.48
S0221,2024-09,12.04,17.2,17.13
S0221,2024-10,9.96,21.0,16.17
S0221,2024-11,12.04,7.1,7.1
S0221,2024-12,10.34,8.8,6.82
S0221,2025-01,9.32,18.4,11.99
S0221,2025-02,12.04,13.1,13.33
S0221,2025-03,12.04,25.7,25.0
S0221,2025-04,9.73,30.1,21.83
S0221,2025-05,12.04,17.9,17.47
S0221,2025-06,12.04,27.3,26.71
S0221,2025-07,12.04,13.6,14.14
S0221,2025-08,11.11,21.5,18.76
S0221,2025-09,12.04,23.8,23.99
S0221,2025-10,10.61,33.2,28.13
S0221,2025-11,10.58,23.1,19.63
S0221,2025-12,12.04,16.2,16.81
S0221,2026-01,12.04,11.8,12.17
S0221,2026-02,12.04,12.0,12.36
S0221,2026-03,9.87,34.3,26.48
S0221,2026-04,12.04,14.9,13.73
S0221,2026-05,12.04,13.5,13.83
S0221,2026-06,12.04,8.4,8.24
S0222,2024-07,0.84,291.0,196.08
S0222,2024-08,1.03,93.8,97.28
S0222,2024-09,1.03,148.6,144.96
S0222,2024-10,0.83,475.6,306.58
S0222,2024-11,1.03,327.6,315.5
S0222,2024-12,1.03,183.5,161.61
S0222,2025-01,1.03,363.9,357.39
S0222,2025-02,1.03,169.7,157.62
S0222,2025-03,1.03,277.5,289.27
S0222,2025-04,0.8,289.8,169.37
S0222,2025-05,1.03,241.1,263.55
S0222,2025-06,1.03,362.9,382.03
S0222,2025-07,0.97,417.2,390.97
S0222,2025-08,1.03,303.3,313.78
S0222,2025-09,1.03,383.8,371.76
S0222,2025-10,1.03,182.7,194.82
S0222,2025-11,0.92,107.0,82.65
S0222,2025-12,1.03,319.4,312.95
S0222,2026-01,0.91,383.9,284.16
S0222,2026-02,1.03,98.7,92.53
S0222,2026-03,1.03,384.2,383.9
S0222,2026-04,1.03,310.8,321.54
S0222,2026-05,1.03,227.2,257.77
S0222,2026-06,1.03,18.7,18.19
S0223,2024-07,9.4,70.0,76.06
S0223,2024-08,9.4,67.0,65.04
S0223,2024-09,7.91,96.8,73.2
S0223,2024-10,9.4,98.8,100.46
S0223,2024-11,7.9,95.3,74.35
S0223,2024-12,9.4,66.7,62.59
S0223,2025-01,9.4,48.2,48.39
S0223,2025-02,7.86,118.7,81.1
S0223,2025-03,9.4,113.4,119.88
S0223,2025-04,9.4,11.7,13.02
S0223,2025-05,7.28,148.4,100.69
S0223,2025-06,9.4,54.0,55.67
S0223,2025-07,9.4,32.6,32.77
S0223,2025-08,9.4,52.7,53.49
S0223,2025-09,9.4,77.2,72.24
S0223,2025-10,9.4,42.7,41.46
S0223,2025-11,9.4,105.9,103.52
S0223,2025-12,9.4,72.4,69.75
S0223,2026-01,7.32,100.1,65.2
S0223,2026-02,9.4,129.9,132.37
S0223,2026-03,9.4,40.0,39.08
S0223,2026-04,9.4,81.8,79.42
S0223,2026-05,8.71,102.2,85.91
S0223,2026-06,9.4,43.1,46.99
S0224,2024-07,1.79,3.0,2.89
S0224,2024-08,1.79,2.3,2.32
S0224,2024-09,1.79,3.7,3.88
S0224,2024-10,1.66,4.2,3.67
S0224,2024-11,1.79,3.7,3.53
S0224,2024-12,1.79,3.0,2.76
S0224,2025-01,1.6,2.9,2.55
S0224,2025-02,1.4,3.1,2.08
S0224,2025-03,1.79,2.5,2.74
S0224,2025-04,1.79,3.3,3.38
S0224,2025-05,1.69,2.4,2.18
S0224,2025-06,1.63,3.9,3.27
S0224,2025-07,1.79,1.8,1.76
S0224,2025-08,1.79,2.6,2.58
S0224,2025-09,1.79,2.8,2.76
S0224,2025-10,1.38,6.1,4.16
S0224,2025-11,1.79,3.1,3.02
S0224,2025-12,1.79,3.0,2.98
S0224,2026-01,1.43,3.8,2.62
S0224,2026-02,1.79,2.6,2.75
S0224,2026-03,1.79,2.6,2.56
S0224,2026-04,1.79,3.9,4.03
S0224,2026-05,1.79,3.6,3.53
S0224,2026-06,1.79,2.7,2.83
S0225,2024-07,92.01,77.8,77.48
S0225,2024-08,92.01,208.5,214.51
S0225,2024-09,85.42,81.6,75.0
S0225,2024-10,92.01,110.7,111.91
S0225,2024-11,92.01,175.5,176.39
S0225,2024-12,92.01,81.9,84.86
S0225,2025-01,92.01,114.2,108.36
S0225,2025-02,76.64,94.4,67.99
S0225,2025-03,92.01,127.6,129.04
S0225,2025-04,92.01,182.3,170.65
S0225,2025-05,80.17,299.8,235.29
S0225,2025-06,74.35,105.7,70.73
S0225,2025-07,92.01,92.5,91.18
S0225,2025-08,92.01,13.5,13.72
S0225,2025-09,92.01,36.2,36.46
S0225,2025-10,92.01,177.0,176.08
S0225,2025-11,72.22,19.3,12.08
S0225,2025-12,92.01,8.8,9.54
S0225,2026-01,92.01,90.4,88.95
S0225,2026-02,92.01,110.2,109.63
S0225,2026-03,92.01,39.4,41.37
S0225,2026-04,92.01,62.7,63.23
S0225,2026-05,92.01,78.7,82.84
S0225,2026-06,77.89,75.7,56.55
S0226,2024-07,1.23,121.1,96.31
S0226,2024-08,1.48,111.7,114.83
S0226,2024-09,1.2,192.9,132.63
S0226,2024-10,1.48,136.0,140.07
S0226,2024-11,1.48,121.1,129.74
S0226,2024-12,1.48,130.5,133.48
S0226,2025-01,1.38,114.9,99.53
S0226,2025-02,1.48,92.0,93.3
S0226,2025-03,1.48,113.2,113.71
S0226,2025-04,1.37,128.6,110.3
S0226,2025-05,1.48,113.5,110.06
S0226,2025-06,1.48,111.2,105.79
S0226,2025-07,1.25,112.4,90.22
S0226,2025-08,1.48,109.8,113.53
S0226,2025-09,1.48,101.1,103.38
S0226,2025-10,1.36,136.1,113.21
S0226,2025-11,1.48,111.9,115.31
S0226,2025-12,1.48,88.5,99.06
S0226,2026-01,1.48,68.0,72.39
S0226,2026-02,1.48,114.7,116.18
S0226,2026-03,1.29,117.8,89.26
S0226,2026-04,1.48,135.0,132.12
S0226,2026-05,1.16,173.1,112.05
S0226,2026-06,1.12,163.1,104.88
S0227,2024-07,0.87,21.4,21.4
S0227,2024-08,0.82,12.2,10.93
S0227,2024-09,0.87,53.2,55.89
S0227,2024-10,0.87,38.7,39.3
S0227,2024-11,0.73,28.0,19.35
S0227,2024-12,0.87,40.3,41.2
S0227,2025-01,0.87,26.8,25.14
S0227,2025-02,0.87,47.8,48.64
S0227,2025-03,0.8,42.8,33.72
S0227,2025-04,0.79,50.1,41.87
S0227,2025-05,0.87,59.4,57.5
S0227,2025-06,0.87,31.2,32.15
S0227,2025-07,0.87,50.1,49.46
S0227,2025-08,0.67,55.8,29.66
S0227,2025-09,0.65,59.6,31.11
S0227,2025-10,0.87,34.1,34.95
S0227,2025-11,0.73,85.2,55.97
S0227,2025-12,0.7,92.8,51.85
S0227,2026-01,0.87,21.8,23.47
S0227,2026-02,0.76,45.2,34.57
S0227,2026-03,0.87,57.5,57.15
S0227,2026-04,0.87,48.0,44.85
S0227,2026-05,0.78,24.0,19.4
S0227,2026-06,0.87,69.6,68.43
S0228,2024-07,31.5,51.9,37.19
S0228,2024-08,38.54,22.5,24.39
S0228,2024-09,30.61,37.1,29.87
S0228,2024-10,38.54,37.4,38.93
S0228,2024-11,30.57,52.5,37.69
S0228,2024-12,34.27,28.6,24.9
S0228,2025-01,38.54,19.3,19.51
S0228,2025-02,38.54,34.6,34.23
S0228,2025-03,38.54,33.9,36.84
S0228,2025-04,35.54,35.4,33.7
S0228,2025-05,38.54,34.9,33.76
S0228,2025-06,36.29,38.9,35.07
S0228,2025-07,38.54,23.2,23.35
S0228,2025-08,38.54,21.5,21.36
S0228,2025-09,38.54,26.5,27.3
S0228,2025-10,33.49,37.8,32.48
S0228,2025-11,38.54,32.1,32.53
S0228,2025-12,38.54,17.4,16.3
S0228,2026-01,38.54,34.6,36.05
S0228,2026-02,38.54,31.4,31.08
S0228,2026-03,38.54,24.2,23.37
S0228,2026-04,38.54,31.2,32.42
S0228,2026-05,38.54,39.0,41.46
S0228,2026-06,38.54,33.4,34.1
S0229,2024-07,7.31,85.7,64.2
S0229,2024-08,9.14,55.3,51.53
S0229,2024-09,9.14,78.9,83.25
S0229,2024-10,9.14,77.0,76.19
S0229,2024-11,8.05,99.4,80.98
S0229,2024-12,9.14,38.5,40.04
S0229,2025-01,9.14,57.4,54.05
S0229,2025-02,9.14,61.2,60.15
S0229,2025-03,9.14,69.0,70.47
S0229,2025-04,9.14,69.8,70.97
S0229,2025-05,9.14,74.8,77.59
S0229,2025-06,9.14,55.8,57.61
S0229,2025-07,9.14,61.7,63.24
S0229,2025-08,9.14,61.4,58.35
S0229,2025-09,9.14,56.6,52.4
S0229,2025-10,9.14,93.8,89.46
S0229,2025-11,9.14,84.9,79.09
S0229,2025-12,9.14,82.4,81.19
S0229,2026-01,9.14,44.0,46.95
S0229,2026-02,7.83,66.2,48.12
S0229,2026-03,7.63,75.1,65.0
S0229,2026-04,9.14,93.4,97.66
S0229,2026-05,9.14,79.7,71.54
S0229,2026-06,8.08,58.0,50.27
S0230,2024-07,7.0,3.7,3.38
S0230,2024-08,7.0,6.3,6.04
S0230,2024-09,5.92,5.0,3.55
S0230,2024-10,7.0,3.3,2.96
S0230,2024-11,7.0,5.4,5.42
S0230,2024-12,7.0,1.9,1.88
S0230,2025-01,5.51,6.2,4.02
S0230,2025-02,7.0,4.5,4.64
S0230,2025-03,7.0,6.7,6.49
S0230,2025-04,7.0,3.4,3.56
S0230,2025-05,6.6,2.2,1.99
S0230,2025-06,7.0,4.5,4.34
S0230,2025-07,7.0,2.6,2.64
S0230,2025-08,7.0,3.4,3.43
S0230,2025-09,7.0,4.6,4.76
S0230,2025-10,7.0,3.6,3.59
S0230,2025-11,7.0,3.8,3.56
S0230,2025-12,5.77,3.6,2.5
S0230,2026-01,7.0,3.0,2.91
S0230,2026-02,7.0,2.6,2.84
S0230,2026-03,7.0,3.1,2.98
S0230,2026-04,7.0,2.1,1.97
S0230,2026-05,7.0,0.9,0.88
S0230,2026-06,7.0,2.0,1.92
S0231,2024-07,6.11,62.1,63.66
S0231,2024-08,5.73,132.8,117.55
S0231,2024-09,5.21,152.5,113.54
S0231,2024-10,6.11,149.8,153.57
S0231,2024-11,5.57,159.4,122.48
S0231,2024-12,6.11,38.2,38.33
S0231,2025-01,6.11,0.1,0.1
S0231,2025-02,5.44,149.7,118.66
S0231,2025-03,6.11,78.3,82.62
S0231,2025-04,6.11,172.8,175.58
S0231,2025-05,5.52,61.1,51.27
S0231,2025-06,6.11,0.1,0.1
S0231,2025-07,6.11,90.8,86.38
S0231,2025-08,6.11,116.4,108.95
S0231,2025-09,6.11,32.6,32.23
S0231,2025-10,6.11,101.4,102.35
S0231,2025-11,6.11,46.3,49.01
S0231,2025-12,6.11,0.1,0.1
S0231,2026-01,6.11,74.5,68.93
S0231,2026-02,6.11,130.0,129.98
S0231,2026-03,4.88,260.1,169.26
S0231,2026-04,6.11,147.1,152.03
S0231,2026-05,5.12,178.6,118.62
S0231,2026-06,5.26,182.1,134.83
S0232,2024-07,0.86,2.1,1.4
S0232,2024-08,1.09,1.8,2.02
S0232,2024-09,1.09,2.1,2.17
S0232,2024-10,1.09,1.5,1.67
S0232,2024-11,1.02,3.1,2.78
S0232,2024-12,1.09,0.2,0.18
S0232,2025-01,1.09,0.9,0.93
S0232,2025-02,1.09,0.9,0.91
S0232,2025-03,1.09,3.9,3.63
S0232,2025-04,1.09,2.6,2.62
S0232,2025-05,1.0,2.5,2.17
S0232,2025-06,0.94,0.8,0.63
S0232,2025-07,1.09,1.5,1.38
S0232,2025-08,1.09,1.7,1.8
S0232,2025-09,1.09,1.7,1.77
S0232,2025-10,1.09,1.7,1.7
S0232,2025-11,1.09,0.9,0.9
S0232,2025-12,0.95,0.9,0.7
S0232,2026-01,1.09,1.7,1.74
S0232,2026-02,1.09,3.7,3.39
S0232,2026-03,1.09,0.1,0.1
S0232,2026-04,1.09,2.5,2.4
S0232,2026-05,1.09,1.4,1.4
S0232,2026-06,1.09,1.6,1.6
S0233,2024-07,1.02,40.8,35.39
S0233,2024-08,1.01,42.7,33.55
S0233,2024-09,1.15,37.4,35.15
S0233,2024-10,1.15,25.1,25.53
S0233,2024-11,0.89,52.6,31.46
S0233,2024-12,1.15,44.6,41.1
S0233,2025-01,1.15,34.0,34.4
S0233,2025-02,1.15,17.0,16.74
S0233,2025-03,0.89,48.0,27.84
S0233,2025-04,1.15,40.3,40.65
S0233,2025-05,1.15,51.3,47.33
S0233,2025-06,0.96,58.5,35.61
S0233,2025-07,1.15,24.9,24.67
S0233,2025-08,1.15,24.0,24.15
S0233,2025-09,1.15,37.2,33.98
S0233,2025-10,1.15,29.9,28.81
S0233,2025-11,0.9,61.4,36.68
S0233,2025-12,1.15,37.2,40.71
S0233,2026-01,1.15,20.8,22.34
S0233,2026-02,1.15,28.4,30.14
S0233,2026-03,0.87,54.2,29.7
S0233,2026-04,1.15,39.5,40.0
S0233,2026-05,1.15,33.3,29.45
S0233,2026-06,1.15,14.2,14.11
S0234,2024-07,2.14,17.7,16.72
S0234,2024-08,2.14,17.5,18.77
S0234,2024-09,2.14,28.0,26.25
S0234,2024-10,2.14,48.3,48.19
S0234,2024-11,2.14,21.2,21.96
S0234,2024-12,1.92,32.4,28.77
S0234,2025-01,2.14,26.3,26.19
S0234,2025-02,2.14,32.7,30.54
S0234,2025-03,2.14,31.8,30.25
S0234,2025-04,2.14,32.8,33.68
S0234,2025-05,2.14,38.0,39.68
S0234,2025-06,2.14,29.3,25.42
S0234,2025-07,2.14,24.6,23.24
S0234,2025-08,2.14,16.1,15.71
S0234,2025-09,2.14,32.8,32.26
S0234,2025-10,2.14,32.1,34.4
S0234,2025-11,2.14,22.4,22.72
S0234,2025-12,2.14,28.4,27.37
S0234,2026-01,2.14,3.5,3.2
S0234,2026-02,1.8,33.0,26.69
S0234,2026-03,2.14,27.1,27.18
S0234,2026-04,2.14,34.5,34.96
S0234,2026-05,2.14,19.8,19.68
S0234,2026-06,1.62,28.4,19.86
S0235,2024-07,8.08,15.9,15.67
S0235,2024-08,6.93,24.3,18.05
S0235,2024-09,6.56,33.7,24.94
S0235,2024-10,8.08,26.0,24.79
S0235,2024-11,8.08,21.7,22.27
S0235,2024-12,8.08,20.4,21.59
S0235,2025-01,6.89,23.8,18.02
S0235,2025-02,8.08,16.2,17.02
S0235,2025-03,6.14,34.6,23.11
S0235,2025-04,8.08,22.3,22.34
S0235,2025-05,8.08,19.0,20.0
S0235,2025-06,8.08,17.5,17.53
S0235,2025-07,8.08,16.7,17.09
S0235,2025-08,6.75,22.1,15.72
S0235,2025-09,7.67,25.7,24.56
S0235,2025-10,7.51,26.8,23.76
S0235,2025-11,8.08,20.3,19.95
S0235,2025-12,8.08,15.8,16.53
S0235,2026-01,8.08,19.6,19.99
S0235,2026-02,8.08,14.1,14.52
S0235,2026-03,6.54,26.4,18.86
S0235,2026-04,8.08,20.5,21.14
S0235,2026-05,8.08,16.3,15.73
S0235,2026-06,8.08,13.7,12.74
S0236,2024-07,11.24,42.5,46.13
S0236,2024-08,9.2,36.3,28.91
S0236,2024-09,9.8,60.0,51.82
S0236,2024-10,10.65,58.2,52.09
S0236,2024-11,8.56,70.1,52.29
S0236,2024-12,9.44,41.2,35.41
S0236,2025-01,11.24,26.3,24.51
S0236,2025-02,11.24,37.4,38.26
S0236,2025-03,11.24,42.1,39.65
S0236,2025-04,11.24,41.3,39.44
S0236,2025-05,11.24,32.0,31.75
S0236,2025-06,11.24,25.7,27.18
S0236,2025-07,8.75,32.5,24.07
S0236,2025-08,9.39,28.5,24.52
S0236,2025-09,10.32,40.3,39.61
S0236,2025-10,11.24,34.1,34.31
S0236,2025-11,11.24,42.7,42.88
S0236,2025-12,11.24,38.0,34.28
S0236,2026-01,11.24,35.0,36.93
S0236,2026-02,10.3,36.8,34.31
S0236,2026-03,11.24,36.0,35.24
S0236,2026-04,11.24,40.3,40.78
S0236,2026-05,11.24,42.7,39.45
S0236,2026-06,11.24,27.9,28.34
S0237,2024-07,0.92,4.4,4.36
S0237,2024-08,0.92,4.2,4.05
S0237,2024-09,0.92,6.2,6.42
S0237,2024-10,0.92,7.7,7.43
S0237,2024-11,0.92,6.5,5.83
S0237,2024-12,0.92,5.1,5.32
S0237,2025-01,0.92,5.7,5.29
S0237,2025-02,0.92,4.9,4.86
S0237,2025-03,0.81,9.1,7.03
S0237,2025-04,0.92,6.6,6.54
S0237,2025-05,0.79,10.6,7.06
S0237,2025-06,0.92,5.1,5.3
S0237,2025-07,0.92,5.3,5.11
S0237,2025-08,0.92,5.3,5.09
S0237,2025-09,0.75,12.0,7.75
S0237,2025-10,0.92,6.2,6.64
S0237,2025-11,0.92,5.4,5.91
S0237,2025-12,0.79,10.2,7.51
S0237,2026-01,0.74,8.2,5.2
S0237,2026-02,0.92,5.8,5.61
S0237,2026-03,0.92,6.2,6.55
S0237,2026-04,0.92,7.1,6.9
S0237,2026-05,0.92,7.5,7.52
S0237,2026-06,0.75,8.6,5.54
S0238,2024-07,0.99,3.9,3.97
S0238,2024-08,0.99,16.7,15.95
S0238,2024-09,0.99,12.2,11.76
S0238,2024-10,0.99,10.8,11.23
S0238,2024-11,0.99,11.5,10.33
S0238,2024-12,0.99,4.0,4.25
S0238,2025-01,0.99,8.9,9.44
S0238,2025-02,0.75,13.6,8.3
S0238,2025-03,0.9,16.5,15.51
S0238,2025-04,0.77,6.4,3.82
S0238,2025-05,0.99,18.1,17.07
S0238,2025-06,0.87,8.8,6.57
S0238,2025-07,0.99,7.0,6.61
S0238,2025-08,0.99,8.0,7.64
S0238,2025-09,0.99,16.1,14.88
S0238,2025-10,0.99,7.7,7.4
S0238,2025-11,0.99,18.3,21.07
S0238,2025-12,0.99,27.8,26.27
S0238,2026-01,0.99,4.0,4.21
S0238,2026-02,0.99,3.2,3.26
S0238,2026-03,0.84,22.4,17.26
S0238,2026-04,0.99,12.1,11.94
S0238,2026-05,0.99,15.6,14.81
S0238,2026-06,0.76,10.0,5.95
S0239,2024-07,11.88,105.2,111.34
S0239,2024-08,11.88,67.0,65.31
S0239,2024-09,11.88,143.0,147.38
S0239,2024-10,11.88,114.4,120.53
S0239,2024-11,11.88,145.6,143.49
S0239,2024-12,11.88,109.0,111.3
S0239,2025-01,11.88,84.7,80.69
S0239,2025-02,10.82,179.9,155.95
S0239,2025-03,11.88,151.0,156.61
S0239,2025-04,11.88,136.9,137.85
S0239,2025-05,9.8,167.7,121.84
S0239,2025-06,9.74,111.7,85.26
S0239,2025-07,11.88,111.6,111.79
S0239,2025-08,11.88,68.3,67.04
S0239,2025-09,11.88,197.4,197.12
S0239,2025-10,11.88,164.7,166.52
S0239,2025-11,11.06,160.1,148.0
S0239,2025-12,11.88,117.3,125.94
S0239,2026-01,10.02,125.7,104.09
S0239,2026-02,11.88,108.4,104.6
S0239,2026-03,9.76,157.4,121.88
S0239,2026-04,11.88,145.5,143.69
S0239,2026-05,11.88,109.2,108.17
S0239,2026-06,9.95,154.0,127.96
S0240,2024-07,150.2,90.1,87.13
S0240,2024-08,150.2,43.9,45.95
S0240,2024-09,142.43,118.8,102.63
S0240,2024-10,116.36,152.1,103.71
S0240,2024-11,150.2,132.7,129.84
S0240,2024-12,114.34,213.5,123.63
S0240,2025-01,150.2,108.0,100.38
S0240,2025-02,150.2,113.4,116.18
S0240,2025-03,150.2,112.1,118.87
S0240,2025-04,140.81,96.4,86.69
S0240,2025-05,150.2,81.6,83.78
S0240,2025-06,150.2,100.8,101.8
S0240,2025-07,114.65,194.8,124.61
S0240,2025-08,150.2,68.0,69.79
S0240,2025-09,124.59,133.9,102.06
S0240,2025-10,150.2,149.0,151.66
S0240,2025-11,150.2,65.2,63.62
S0240,2025-12,150.2,95.7,93.27
S0240,2026-01,150.2,108.2,112.73
S0240,2026-02,150.2,129.5,140.77
S0240,2026-03,150.2,103.9,106.82
S0240,2026-04,128.95,58.5,46.04
S0240,2026-05,150.2,85.1,81.55
S0240,2026-06,150.2,123.4,125.65
